#,Problem ID,Correct,Attempts,Accuracy,Time Average,Standard,Cluster
1,2035594,"3,771","4,349",86.70%,0 min 45 sec,Algebra - Seeing Structure in Expressions (AI-A.SSE),Finding Coefficients of Polynomials
2,2035582,"3,536","4,154",85.10%,0 min 48 sec,Algebra - Seeing Structure in Expressions (AI-A.SSE),Finding Coefficients of Polynomials
3,2035569,"3,699","4,367",84.70%,0 min 45 sec,Algebra - Seeing Structure in Expressions (AI-A.SSE),Finding Coefficients of Polynomials
4,2035505,"3,564","4,266",83.50%,0 min 52 sec,Algebra - Seeing Structure in Expressions (AI-A.SSE),Finding Coefficients of Polynomials
5,2035563,"3,445","4,152",83%,0 min 48 sec,Algebra - Seeing Structure in Expressions (AI-A.SSE),Finding Coefficients of Polynomials
6,2035522,"3,543","4,291",82.60%,0 min 53 sec,Algebra - Seeing Structure in Expressions (AI-A.SSE),Finding Coefficients of Polynomials
7,2035552,"3,527","4,268",82.60%,0 min 48 sec,Algebra - Seeing Structure in Expressions (AI-A.SSE),Finding Coefficients of Polynomials
8,2035512,"3,516","4,284",82.10%,0 min 51 sec,Algebra - Seeing Structure in Expressions (AI-A.SSE),Finding Coefficients of Polynomials
9,2035557,"3,440","4,220",81.50%,0 min 50 sec,Algebra - Seeing Structure in Expressions (AI-A.SSE),Finding Coefficients of Polynomials
10,2035591,"3,426","4,205",81.50%,0 min 46 sec,Algebra - Seeing Structure in Expressions (AI-A.SSE),Finding Coefficients of Polynomials
11,2035516,"3,586","4,411",81.30%,0 min 55 sec,Algebra - Seeing Structure in Expressions (AI-A.SSE),Finding Coefficients of Polynomials
12,2035584,"3,433","4,237",81%,0 min 49 sec,Algebra - Seeing Structure in Expressions (AI-A.SSE),Finding Coefficients of Polynomials
13,2035545,"3,346","4,168",80.30%,0 min 50 sec,Algebra - Seeing Structure in Expressions (AI-A.SSE),Finding Coefficients of Polynomials
14,2035542,"3,483","4,372",79.70%,0 min 56 sec,Algebra - Seeing Structure in Expressions (AI-A.SSE),Finding Coefficients of Polynomials
15,2035576,"3,394","4,277",79.40%,0 min 49 sec,Algebra - Seeing Structure in Expressions (AI-A.SSE),Finding Coefficients of Polynomials
16,2035589,"3,417","4,301",79.40%,0 min 53 sec,Algebra - Seeing Structure in Expressions (AI-A.SSE),Finding Coefficients of Polynomials
17,2035511,"3,393","4,286",79.20%,0 min 47 sec,Algebra - Seeing Structure in Expressions (AI-A.SSE),Finding Coefficients of Polynomials
18,2035507,"3,796","4,796",79.10%,0 min 46 sec,Algebra - Seeing Structure in Expressions (AI-A.SSE),Finding Coefficients of Polynomials
19,2035502,"3,433","4,343",79%,0 min 47 sec,Algebra - Seeing Structure in Expressions (AI-A.SSE),Finding Coefficients of Polynomials
20,2035565,"3,425","4,342",78.90%,0 min 55 sec,Algebra - Seeing Structure in Expressions (AI-A.SSE),Finding Coefficients of Polynomials
21,2035503,"3,469","4,402",78.80%,0 min 56 sec,Algebra - Seeing Structure in Expressions (AI-A.SSE),Finding Coefficients of Polynomials
22,2035529,"3,365","4,274",78.70%,0 min 54 sec,Algebra - Seeing Structure in Expressions (AI-A.SSE),Finding Coefficients of Polynomials
23,2035499,"3,310","4,233",78.20%,0 min 47 sec,Algebra - Seeing Structure in Expressions (AI-A.SSE),Finding Coefficients of Polynomials
24,2035510,"3,201","4,091",78.20%,0 min 47 sec,Algebra - Seeing Structure in Expressions (AI-A.SSE),Finding Coefficients of Polynomials
25,2035577,"3,379","4,323",78.20%,0 min 48 sec,Algebra - Seeing Structure in Expressions (AI-A.SSE),Finding Coefficients of Polynomials
26,2035568,"4,056","5,199",78%,0 min 50 sec,Algebra - Seeing Structure in Expressions (AI-A.SSE),Finding Coefficients of Polynomials
27,2035506,"3,309","4,246",77.90%,0 min 51 sec,Algebra - Seeing Structure in Expressions (AI-A.SSE),Finding Coefficients of Polynomials
28,2035508,"3,286","4,217",77.90%,0 min 49 sec,Algebra - Seeing Structure in Expressions (AI-A.SSE),Finding Coefficients of Polynomials
29,2035578,"3,947","5,070",77.90%,0 min 55 sec,Algebra - Seeing Structure in Expressions (AI-A.SSE),Finding Coefficients of Polynomials
30,2035518,"3,909","5,034",77.70%,1 min 04 sec,Algebra - Seeing Structure in Expressions (AI-A.SSE),Finding Coefficients of Polynomials
31,2035544,"3,196","4,115",77.70%,0 min 45 sec,Algebra - Seeing Structure in Expressions (AI-A.SSE),Finding Coefficients of Polynomials
32,2035551,"3,342","4,304",77.60%,0 min 48 sec,Algebra - Seeing Structure in Expressions (AI-A.SSE),Finding Coefficients of Polynomials
33,2035564,"3,323","4,293",77.40%,0 min 50 sec,Algebra - Seeing Structure in Expressions (AI-A.SSE),Finding Coefficients of Polynomials
34,2035521,"3,291","4,261",77.20%,0 min 50 sec,Algebra - Seeing Structure in Expressions (AI-A.SSE),Finding Coefficients of Polynomials
35,2035534,"3,204","4,157",77.10%,0 min 46 sec,Algebra - Seeing Structure in Expressions (AI-A.SSE),Finding Coefficients of Polynomials
36,2035560,"3,241","4,204",77.10%,0 min 50 sec,Algebra - Seeing Structure in Expressions (AI-A.SSE),Finding Coefficients of Polynomials
37,2035596,"3,282","4,277",76.70%,0 min 53 sec,Algebra - Seeing Structure in Expressions (AI-A.SSE),Finding Coefficients of Polynomials
38,2035514,"3,676","4,805",76.50%,0 min 50 sec,Algebra - Seeing Structure in Expressions (AI-A.SSE),Finding Coefficients of Polynomials
39,2035538,"3,175","4,155",76.40%,0 min 55 sec,Algebra - Seeing Structure in Expressions (AI-A.SSE),Finding Coefficients of Polynomials
40,2035541,"3,270","4,284",76.30%,0 min 55 sec,Algebra - Seeing Structure in Expressions (AI-A.SSE),Finding Coefficients of Polynomials
41,2035559,"3,404","4,468",76.20%,0 min 49 sec,Algebra - Seeing Structure in Expressions (AI-A.SSE),Finding Coefficients of Polynomials
42,2035513,"3,613","4,748",76.10%,0 min 54 sec,Algebra - Seeing Structure in Expressions (AI-A.SSE),Finding Coefficients of Polynomials
43,2035533,"3,306","4,363",75.80%,0 min 45 sec,Algebra - Seeing Structure in Expressions (AI-A.SSE),Finding Coefficients of Polynomials
44,2035561,"3,517","4,654",75.60%,0 min 50 sec,Algebra - Seeing Structure in Expressions (AI-A.SSE),Finding Coefficients of Polynomials
45,2035556,"3,159","4,191",75.40%,0 min 56 sec,Algebra - Seeing Structure in Expressions (AI-A.SSE),Finding Coefficients of Polynomials
46,2035504,"3,793","5,041",75.20%,0 min 57 sec,Algebra - Seeing Structure in Expressions (AI-A.SSE),Finding Coefficients of Polynomials
47,2035524,"3,857","5,129",75.20%,0 min 50 sec,Algebra - Seeing Structure in Expressions (AI-A.SSE),Finding Coefficients of Polynomials
48,2035593,"3,534","4,699",75.20%,0 min 57 sec,Algebra - Seeing Structure in Expressions (AI-A.SSE),Finding Coefficients of Polynomials
49,2035520,"3,684","4,905",75.10%,0 min 56 sec,Algebra - Seeing Structure in Expressions (AI-A.SSE),Finding Coefficients of Polynomials
50,2035550,"3,169","4,217",75.10%,0 min 57 sec,Algebra - Seeing Structure in Expressions (AI-A.SSE),Finding Coefficients of Polynomials
51,2035536,"3,519","4,690",75%,0 min 57 sec,Algebra - Seeing Structure in Expressions (AI-A.SSE),Finding Coefficients of Polynomials
52,2035573,"3,407","4,555",74.80%,0 min 49 sec,Algebra - Seeing Structure in Expressions (AI-A.SSE),Finding Coefficients of Polynomials
53,2035586,"3,192","4,269",74.80%,0 min 55 sec,Algebra - Seeing Structure in Expressions (AI-A.SSE),Finding Coefficients of Polynomials
54,2035566,"3,705","4,973",74.50%,0 min 57 sec,Algebra - Seeing Structure in Expressions (AI-A.SSE),Finding Coefficients of Polynomials
55,2035548,"3,507","4,722",74.30%,0 min 54 sec,Algebra - Seeing Structure in Expressions (AI-A.SSE),Finding Coefficients of Polynomials
56,2035595,"3,190","4,296",74.30%,0 min 50 sec,Algebra - Seeing Structure in Expressions (AI-A.SSE),Finding Coefficients of Polynomials
57,2035501,"3,124","4,241",73.70%,0 min 50 sec,Algebra - Seeing Structure in Expressions (AI-A.SSE),Finding Coefficients of Polynomials
58,2035555,"3,151","4,273",73.70%,0 min 54 sec,Algebra - Seeing Structure in Expressions (AI-A.SSE),Finding Coefficients of Polynomials
59,2035530,"3,160","4,302",73.50%,0 min 49 sec,Algebra - Seeing Structure in Expressions (AI-A.SSE),Finding Coefficients of Polynomials
60,2035539,"3,638","4,955",73.40%,0 min 51 sec,Algebra - Seeing Structure in Expressions (AI-A.SSE),Finding Coefficients of Polynomials
61,2035537,"3,559","4,855",73.30%,0 min 52 sec,Algebra - Seeing Structure in Expressions (AI-A.SSE),Finding Coefficients of Polynomials
62,2035540,"3,617","4,933",73.30%,0 min 50 sec,Algebra - Seeing Structure in Expressions (AI-A.SSE),Finding Coefficients of Polynomials
63,2035575,"3,153","4,302",73.30%,0 min 53 sec,Algebra - Seeing Structure in Expressions (AI-A.SSE),Finding Coefficients of Polynomials
64,2035554,"3,515","4,802",73.20%,1 min 00 sec,Algebra - Seeing Structure in Expressions (AI-A.SSE),Finding Coefficients of Polynomials
65,2035498,"3,173","4,344",73%,0 min 50 sec,Algebra - Seeing Structure in Expressions (AI-A.SSE),Finding Coefficients of Polynomials
66,2035581,"3,094","4,251",72.80%,0 min 57 sec,Algebra - Seeing Structure in Expressions (AI-A.SSE),Finding Coefficients of Polynomials
67,2035592,"3,394","4,659",72.80%,0 min 54 sec,Algebra - Seeing Structure in Expressions (AI-A.SSE),Finding Coefficients of Polynomials
68,2035574,"3,083","4,339",71.10%,0 min 48 sec,Algebra - Seeing Structure in Expressions (AI-A.SSE),Finding Coefficients of Polynomials
69,2035526,"3,544","4,995",71%,0 min 59 sec,Algebra - Seeing Structure in Expressions (AI-A.SSE),Finding Coefficients of Polynomials
70,2035590,"3,127","4,403",71%,0 min 57 sec,Algebra - Seeing Structure in Expressions (AI-A.SSE),Finding Coefficients of Polynomials
71,2035517,"3,187","4,533",70.30%,0 min 55 sec,Algebra - Seeing Structure in Expressions (AI-A.SSE),Finding Coefficients of Polynomials
72,2035500,"3,037","4,327",70.20%,0 min 57 sec,Algebra - Seeing Structure in Expressions (AI-A.SSE),Finding Coefficients of Polynomials
73,2035587,"3,116","4,459",69.90%,0 min 51 sec,Algebra - Seeing Structure in Expressions (AI-A.SSE),Finding Coefficients of Polynomials
74,2035571,"3,060","4,466",68.50%,0 min 51 sec,Algebra - Seeing Structure in Expressions (AI-A.SSE),Finding Coefficients of Polynomials
75,2035546,"2,860","4,197",68.10%,1 min 00 sec,Algebra - Seeing Structure in Expressions (AI-A.SSE),Finding Coefficients of Polynomials
76,2035588,"3,014","4,434",68%,0 min 58 sec,Algebra - Seeing Structure in Expressions (AI-A.SSE),Finding Coefficients of Polynomials
77,2035580,"2,900","4,270",67.90%,1 min 03 sec,Algebra - Seeing Structure in Expressions (AI-A.SSE),Finding Coefficients of Polynomials
78,2035527,"3,031","4,505",67.30%,0 min 55 sec,Algebra - Seeing Structure in Expressions (AI-A.SSE),Finding Coefficients of Polynomials
79,2035562,"3,128","4,658",67.20%,0 min 53 sec,Algebra - Seeing Structure in Expressions (AI-A.SSE),Finding Coefficients of Polynomials
80,2035558,"3,296","4,916",67%,0 min 50 sec,Algebra - Seeing Structure in Expressions (AI-A.SSE),Finding Coefficients of Polynomials
81,2035535,"2,889","4,319",66.90%,0 min 59 sec,Algebra - Seeing Structure in Expressions (AI-A.SSE),Finding Coefficients of Polynomials
82,2035583,"2,769","4,151",66.70%,0 min 56 sec,Algebra - Seeing Structure in Expressions (AI-A.SSE),Finding Coefficients of Polynomials
83,2035519,"3,013","4,574",65.90%,0 min 50 sec,Algebra - Seeing Structure in Expressions (AI-A.SSE),Finding Coefficients of Polynomials
84,2035549,"2,829","4,294",65.90%,1 min 01 sec,Algebra - Seeing Structure in Expressions (AI-A.SSE),Finding Coefficients of Polynomials
85,2035532,"2,819","4,358",64.70%,1 min 04 sec,Algebra - Seeing Structure in Expressions (AI-A.SSE),Finding Coefficients of Polynomials
86,2035547,"2,825","4,372",64.60%,1 min 00 sec,Algebra - Seeing Structure in Expressions (AI-A.SSE),Finding Coefficients of Polynomials
87,2035572,"2,728","4,261",64%,1 min 03 sec,Algebra - Seeing Structure in Expressions (AI-A.SSE),Finding Coefficients of Polynomials
88,2035553,"2,859","4,484",63.80%,0 min 59 sec,Algebra - Seeing Structure in Expressions (AI-A.SSE),Finding Coefficients of Polynomials
89,2035528,"2,834","4,453",63.60%,1 min 05 sec,Algebra - Seeing Structure in Expressions (AI-A.SSE),Finding Coefficients of Polynomials
90,2035570,"2,612","4,106",63.60%,0 min 58 sec,Algebra - Seeing Structure in Expressions (AI-A.SSE),Finding Coefficients of Polynomials
91,2035515,"2,658","4,206",63.20%,1 min 01 sec,Algebra - Seeing Structure in Expressions (AI-A.SSE),Finding Coefficients of Polynomials
92,2035597,"2,697","4,267",63.20%,0 min 57 sec,Algebra - Seeing Structure in Expressions (AI-A.SSE),Finding Coefficients of Polynomials
93,2035543,"2,749","4,393",62.60%,1 min 01 sec,Algebra - Seeing Structure in Expressions (AI-A.SSE),Finding Coefficients of Polynomials
94,2035509,"2,620","4,243",61.70%,0 min 58 sec,Algebra - Seeing Structure in Expressions (AI-A.SSE),Finding Coefficients of Polynomials
95,2035567,"2,750","4,485",61.30%,1 min 02 sec,Algebra - Seeing Structure in Expressions (AI-A.SSE),Finding Coefficients of Polynomials
96,2035525,"2,547","4,197",60.70%,1 min 00 sec,Algebra - Seeing Structure in Expressions (AI-A.SSE),Finding Coefficients of Polynomials
97,2035523,"2,423","4,447",54.50%,1 min 09 sec,Algebra - Seeing Structure in Expressions (AI-A.SSE),Finding Coefficients of Polynomials
98,2035531,"2,248","4,312",52.10%,1 min 04 sec,Algebra - Seeing Structure in Expressions (AI-A.SSE),Finding Coefficients of Polynomials
99,2035579,"2,022","4,181",48.40%,1 min 11 sec,Algebra - Seeing Structure in Expressions (AI-A.SSE),Finding Coefficients of Polynomials
100,2035585,"2,015","4,322",46.60%,1 min 16 sec,Algebra - Seeing Structure in Expressions (AI-A.SSE),Finding Coefficients of Polynomials
1,1810667,"19,586","26,106",75%,1 min 07 sec,Algebra - Seeing Structure in Expressions (AI-A.SSE),Polynomial Vocabulary
2,1810692,"19,799","26,532",74.60%,1 min 08 sec,Algebra - Seeing Structure in Expressions (AI-A.SSE),Polynomial Vocabulary
3,1810717,"19,359","26,799",72.20%,1 min 13 sec,Algebra - Seeing Structure in Expressions (AI-A.SSE),Polynomial Vocabulary
4,1810742,"19,449","27,103",71.80%,1 min 15 sec,Algebra - Seeing Structure in Expressions (AI-A.SSE),Polynomial Vocabulary
5,1810752,"18,980","26,535",71.50%,1 min 12 sec,Algebra - Seeing Structure in Expressions (AI-A.SSE),Polynomial Vocabulary
6,1810664,"19,726","27,924",70.60%,1 min 25 sec,Algebra - Seeing Structure in Expressions (AI-A.SSE),Polynomial Vocabulary
7,1810657,"18,501","26,236",70.50%,1 min 12 sec,Algebra - Seeing Structure in Expressions (AI-A.SSE),Polynomial Vocabulary
8,1810747,"18,568","26,510",70%,1 min 09 sec,Algebra - Seeing Structure in Expressions (AI-A.SSE),Polynomial Vocabulary
9,1810674,"17,962","25,761",69.70%,1 min 23 sec,Algebra - Seeing Structure in Expressions (AI-A.SSE),Polynomial Vocabulary
10,1810682,"18,268","26,233",69.60%,1 min 14 sec,Algebra - Seeing Structure in Expressions (AI-A.SSE),Polynomial Vocabulary
11,1810672,"18,171","26,147",69.50%,1 min 13 sec,Algebra - Seeing Structure in Expressions (AI-A.SSE),Polynomial Vocabulary
12,1810697,"18,284","26,299",69.50%,1 min 12 sec,Algebra - Seeing Structure in Expressions (AI-A.SSE),Polynomial Vocabulary
13,1810703,"17,913","26,165",68.50%,1 min 27 sec,Algebra - Seeing Structure in Expressions (AI-A.SSE),Polynomial Vocabulary
14,1810709,"18,115","26,468",68.40%,1 min 31 sec,Algebra - Seeing Structure in Expressions (AI-A.SSE),Polynomial Vocabulary
15,1810687,"17,323","25,357",68.30%,1 min 18 sec,Algebra - Seeing Structure in Expressions (AI-A.SSE),Polynomial Vocabulary
16,1810699,"17,562","26,376",66.60%,1 min 20 sec,Algebra - Seeing Structure in Expressions (AI-A.SSE),Polynomial Vocabulary
17,1810733,"17,357","26,051",66.60%,1 min 26 sec,Algebra - Seeing Structure in Expressions (AI-A.SSE),Polynomial Vocabulary
18,1810698,"17,426","26,186",66.50%,1 min 18 sec,Algebra - Seeing Structure in Expressions (AI-A.SSE),Polynomial Vocabulary
19,1810700,"17,298","26,484",65.30%,1 min 38 sec,Algebra - Seeing Structure in Expressions (AI-A.SSE),Polynomial Vocabulary
20,1810749,"17,048","26,197",65.10%,1 min 26 sec,Algebra - Seeing Structure in Expressions (AI-A.SSE),Polynomial Vocabulary
21,1810713,"16,668","25,663",64.90%,1 min 34 sec,Algebra - Seeing Structure in Expressions (AI-A.SSE),Polynomial Vocabulary
22,1810712,"17,057","26,394",64.60%,1 min 15 sec,Algebra - Seeing Structure in Expressions (AI-A.SSE),Polynomial Vocabulary
23,1810662,"16,445","25,625",64.20%,1 min 19 sec,Algebra - Seeing Structure in Expressions (AI-A.SSE),Polynomial Vocabulary
24,1810730,"16,914","26,412",64%,1 min 35 sec,Algebra - Seeing Structure in Expressions (AI-A.SSE),Polynomial Vocabulary
25,1810695,"16,700","26,144",63.90%,1 min 20 sec,Algebra - Seeing Structure in Expressions (AI-A.SSE),Polynomial Vocabulary
26,1810710,"16,657","26,160",63.70%,1 min 42 sec,Algebra - Seeing Structure in Expressions (AI-A.SSE),Polynomial Vocabulary
27,1810663,"17,230","27,096",63.60%,1 min 20 sec,Algebra - Seeing Structure in Expressions (AI-A.SSE),Polynomial Vocabulary
28,1810714,"17,830","28,029",63.60%,1 min 26 sec,Algebra - Seeing Structure in Expressions (AI-A.SSE),Polynomial Vocabulary
29,1810654,"16,415","25,873",63.40%,1 min 26 sec,Algebra - Seeing Structure in Expressions (AI-A.SSE),Polynomial Vocabulary
30,1810684,"16,901","26,772",63.10%,1 min 29 sec,Algebra - Seeing Structure in Expressions (AI-A.SSE),Polynomial Vocabulary
31,1810718,"17,163","27,202",63.10%,1 min 18 sec,Algebra - Seeing Structure in Expressions (AI-A.SSE),Polynomial Vocabulary
32,1810688,"16,177","25,678",63%,1 min 24 sec,Algebra - Seeing Structure in Expressions (AI-A.SSE),Polynomial Vocabulary
33,1810737,"16,513","26,201",63%,1 min 16 sec,Algebra - Seeing Structure in Expressions (AI-A.SSE),Polynomial Vocabulary
34,1810726,"16,111","25,607",62.90%,1 min 31 sec,Algebra - Seeing Structure in Expressions (AI-A.SSE),Polynomial Vocabulary
35,1810748,"16,450","26,353",62.40%,1 min 19 sec,Algebra - Seeing Structure in Expressions (AI-A.SSE),Polynomial Vocabulary
36,1810668,"16,260","26,085",62.30%,1 min 24 sec,Algebra - Seeing Structure in Expressions (AI-A.SSE),Polynomial Vocabulary
37,1810683,"16,093","25,841",62.30%,1 min 19 sec,Algebra - Seeing Structure in Expressions (AI-A.SSE),Polynomial Vocabulary
38,1810670,"16,444","26,425",62.20%,1 min 23 sec,Algebra - Seeing Structure in Expressions (AI-A.SSE),Polynomial Vocabulary
39,1810723,"16,930","27,215",62.20%,1 min 19 sec,Algebra - Seeing Structure in Expressions (AI-A.SSE),Polynomial Vocabulary
40,1810751,"15,767","25,347",62.20%,1 min 37 sec,Algebra - Seeing Structure in Expressions (AI-A.SSE),Polynomial Vocabulary
41,1810669,"16,239","26,160",62.10%,1 min 15 sec,Algebra - Seeing Structure in Expressions (AI-A.SSE),Polynomial Vocabulary
42,1810681,"16,187","26,127",62%,1 min 16 sec,Algebra - Seeing Structure in Expressions (AI-A.SSE),Polynomial Vocabulary
43,1810716,"16,596","26,796",61.90%,1 min 25 sec,Algebra - Seeing Structure in Expressions (AI-A.SSE),Polynomial Vocabulary
44,1810704,"16,064","26,056",61.70%,1 min 22 sec,Algebra - Seeing Structure in Expressions (AI-A.SSE),Polynomial Vocabulary
45,1810722,"15,506","25,143",61.70%,1 min 25 sec,Algebra - Seeing Structure in Expressions (AI-A.SSE),Polynomial Vocabulary
46,1810727,"15,824","25,691",61.60%,1 min 24 sec,Algebra - Seeing Structure in Expressions (AI-A.SSE),Polynomial Vocabulary
47,1810658,"16,290","26,493",61.50%,1 min 21 sec,Algebra - Seeing Structure in Expressions (AI-A.SSE),Polynomial Vocabulary
48,1810744,"16,125","26,212",61.50%,1 min 13 sec,Algebra - Seeing Structure in Expressions (AI-A.SSE),Polynomial Vocabulary
49,1810678,"15,713","25,639",61.30%,1 min 26 sec,Algebra - Seeing Structure in Expressions (AI-A.SSE),Polynomial Vocabulary
50,1810705,"16,334","26,692",61.20%,1 min 24 sec,Algebra - Seeing Structure in Expressions (AI-A.SSE),Polynomial Vocabulary
51,1810659,"15,781","25,842",61.10%,1 min 39 sec,Algebra - Seeing Structure in Expressions (AI-A.SSE),Polynomial Vocabulary
52,1810691,"16,097","26,442",60.90%,1 min 37 sec,Algebra - Seeing Structure in Expressions (AI-A.SSE),Polynomial Vocabulary
53,1810680,"16,569","27,299",60.70%,1 min 32 sec,Algebra - Seeing Structure in Expressions (AI-A.SSE),Polynomial Vocabulary
54,1810685,"16,057","26,479",60.60%,1 min 41 sec,Algebra - Seeing Structure in Expressions (AI-A.SSE),Polynomial Vocabulary
55,1810690,"15,900","26,249",60.60%,1 min 39 sec,Algebra - Seeing Structure in Expressions (AI-A.SSE),Polynomial Vocabulary
56,1810746,"15,916","26,377",60.30%,1 min 36 sec,Algebra - Seeing Structure in Expressions (AI-A.SSE),Polynomial Vocabulary
57,1810676,"15,344","25,590",60%,1 min 31 sec,Algebra - Seeing Structure in Expressions (AI-A.SSE),Polynomial Vocabulary
58,1810708,"15,563","25,949",60%,1 min 25 sec,Algebra - Seeing Structure in Expressions (AI-A.SSE),Polynomial Vocabulary
59,1810671,"15,314","25,633",59.70%,1 min 34 sec,Algebra - Seeing Structure in Expressions (AI-A.SSE),Polynomial Vocabulary
60,1810706,"15,585","26,327",59.20%,1 min 38 sec,Algebra - Seeing Structure in Expressions (AI-A.SSE),Polynomial Vocabulary
61,1810694,"15,275","25,899",59%,1 min 28 sec,Algebra - Seeing Structure in Expressions (AI-A.SSE),Polynomial Vocabulary
62,1810724,"15,293","25,993",58.80%,1 min 27 sec,Algebra - Seeing Structure in Expressions (AI-A.SSE),Polynomial Vocabulary
63,1810725,"15,074","25,635",58.80%,1 min 29 sec,Algebra - Seeing Structure in Expressions (AI-A.SSE),Polynomial Vocabulary
64,1810665,"15,169","25,848",58.70%,1 min 42 sec,Algebra - Seeing Structure in Expressions (AI-A.SSE),Polynomial Vocabulary
65,1810655,"15,853","27,193",58.30%,1 min 33 sec,Algebra - Seeing Structure in Expressions (AI-A.SSE),Polynomial Vocabulary
66,1810696,"15,297","26,232",58.30%,1 min 42 sec,Algebra - Seeing Structure in Expressions (AI-A.SSE),Polynomial Vocabulary
67,1810721,"15,342","26,352",58.20%,1 min 38 sec,Algebra - Seeing Structure in Expressions (AI-A.SSE),Polynomial Vocabulary
68,1810656,"15,045","25,901",58.10%,1 min 44 sec,Algebra - Seeing Structure in Expressions (AI-A.SSE),Polynomial Vocabulary
69,1810701,"15,029","25,934",58%,1 min 38 sec,Algebra - Seeing Structure in Expressions (AI-A.SSE),Polynomial Vocabulary
70,1810719,"15,222","26,262",58%,1 min 19 sec,Algebra - Seeing Structure in Expressions (AI-A.SSE),Polynomial Vocabulary
71,1810679,"14,456","25,354",57%,1 min 33 sec,Algebra - Seeing Structure in Expressions (AI-A.SSE),Polynomial Vocabulary
72,1810729,"15,212","26,674",57%,1 min 28 sec,Algebra - Seeing Structure in Expressions (AI-A.SSE),Polynomial Vocabulary
73,1810711,"14,569","25,737",56.60%,1 min 31 sec,Algebra - Seeing Structure in Expressions (AI-A.SSE),Polynomial Vocabulary
74,1810660,"15,127","26,757",56.50%,1 min 42 sec,Algebra - Seeing Structure in Expressions (AI-A.SSE),Polynomial Vocabulary
75,1810740,"14,847","26,343",56.40%,1 min 38 sec,Algebra - Seeing Structure in Expressions (AI-A.SSE),Polynomial Vocabulary
76,1810715,"14,547","26,065",55.80%,1 min 45 sec,Algebra - Seeing Structure in Expressions (AI-A.SSE),Polynomial Vocabulary
77,1810731,"14,350","25,819",55.60%,1 min 38 sec,Algebra - Seeing Structure in Expressions (AI-A.SSE),Polynomial Vocabulary
78,1810653,"14,071","25,540",55.10%,1 min 25 sec,Algebra - Seeing Structure in Expressions (AI-A.SSE),Polynomial Vocabulary
79,1810686,"14,242","25,938",54.90%,1 min 36 sec,Algebra - Seeing Structure in Expressions (AI-A.SSE),Polynomial Vocabulary
80,1810741,"14,284","26,048",54.80%,1 min 36 sec,Algebra - Seeing Structure in Expressions (AI-A.SSE),Polynomial Vocabulary
81,1810745,"13,924","25,859",53.80%,1 min 36 sec,Algebra - Seeing Structure in Expressions (AI-A.SSE),Polynomial Vocabulary
82,1810743,"14,123","26,419",53.50%,1 min 20 sec,Algebra - Seeing Structure in Expressions (AI-A.SSE),Polynomial Vocabulary
83,1810734,"14,811","27,741",53.40%,1 min 26 sec,Algebra - Seeing Structure in Expressions (AI-A.SSE),Polynomial Vocabulary
84,1810750,"13,456","25,787",52.20%,1 min 36 sec,Algebra - Seeing Structure in Expressions (AI-A.SSE),Polynomial Vocabulary
85,1810720,"13,048","26,677",48.90%,1 min 48 sec,Algebra - Seeing Structure in Expressions (AI-A.SSE),Polynomial Vocabulary
86,1810689,"10,995","25,280",43.50%,1 min 51 sec,Algebra - Seeing Structure in Expressions (AI-A.SSE),Polynomial Vocabulary
87,1810677,"10,883","25,265",43.10%,1 min 40 sec,Algebra - Seeing Structure in Expressions (AI-A.SSE),Polynomial Vocabulary
88,1810693,"10,790","25,475",42.40%,1 min 42 sec,Algebra - Seeing Structure in Expressions (AI-A.SSE),Polynomial Vocabulary
89,1810728,"10,801","25,508",42.30%,1 min 45 sec,Algebra - Seeing Structure in Expressions (AI-A.SSE),Polynomial Vocabulary
90,1810673,"10,499","25,158",41.70%,1 min 51 sec,Algebra - Seeing Structure in Expressions (AI-A.SSE),Polynomial Vocabulary
91,1810739,"10,467","25,461",41.10%,1 min 43 sec,Algebra - Seeing Structure in Expressions (AI-A.SSE),Polynomial Vocabulary
92,1810736,"10,096","25,802",39.10%,2 min 09 sec,Algebra - Seeing Structure in Expressions (AI-A.SSE),Polynomial Vocabulary
93,1810702,"9,745","24,982",39%,1 min 41 sec,Algebra - Seeing Structure in Expressions (AI-A.SSE),Polynomial Vocabulary
94,1810675,"9,946","25,579",38.90%,1 min 53 sec,Algebra - Seeing Structure in Expressions (AI-A.SSE),Polynomial Vocabulary
95,1810732,"9,901","25,553",38.70%,1 min 37 sec,Algebra - Seeing Structure in Expressions (AI-A.SSE),Polynomial Vocabulary
96,1810707,"9,764","25,286",38.60%,1 min 37 sec,Algebra - Seeing Structure in Expressions (AI-A.SSE),Polynomial Vocabulary
97,1810735,"9,639","25,279",38.10%,1 min 53 sec,Algebra - Seeing Structure in Expressions (AI-A.SSE),Polynomial Vocabulary
98,1810738,"9,680","25,386",38.10%,1 min 55 sec,Algebra - Seeing Structure in Expressions (AI-A.SSE),Polynomial Vocabulary
99,1810661,"9,307","25,127",37%,2 min 00 sec,Algebra - Seeing Structure in Expressions (AI-A.SSE),Polynomial Vocabulary
100,1810666,"8,181","25,256",32.40%,2 min 05 sec,Algebra - Seeing Structure in Expressions (AI-A.SSE),Polynomial Vocabulary
1,1856035,"8,227","13,275",62%,1 min 17 sec,Algebra - Seeing Structure in Expressions (AI-A.SSE),Equations in Context (MC)
2,1856046,"7,655","12,529",61.10%,1 min 16 sec,Algebra - Seeing Structure in Expressions (AI-A.SSE),Equations in Context (MC)
3,1856054,"6,596","10,891",60.60%,1 min 13 sec,Algebra - Seeing Structure in Expressions (AI-A.SSE),Equations in Context (MC)
4,1856069,"6,522","11,021",59.20%,1 min 18 sec,Algebra - Seeing Structure in Expressions (AI-A.SSE),Equations in Context (MC)
5,1856007,"6,554","11,146",58.80%,1 min 11 sec,Algebra - Seeing Structure in Expressions (AI-A.SSE),Equations in Context (MC)
6,1856079,"6,578","11,196",58.80%,1 min 13 sec,Algebra - Seeing Structure in Expressions (AI-A.SSE),Equations in Context (MC)
7,1856078,"6,331","10,877",58.20%,1 min 16 sec,Algebra - Seeing Structure in Expressions (AI-A.SSE),Equations in Context (MC)
8,1856051,"6,348","11,037",57.50%,1 min 19 sec,Algebra - Seeing Structure in Expressions (AI-A.SSE),Equations in Context (MC)
9,1856019,"6,344","11,055",57.40%,1 min 20 sec,Algebra - Seeing Structure in Expressions (AI-A.SSE),Equations in Context (MC)
10,1856045,"6,328","11,022",57.40%,1 min 17 sec,Algebra - Seeing Structure in Expressions (AI-A.SSE),Equations in Context (MC)
11,1856085,"6,203","10,882",57%,1 min 16 sec,Algebra - Seeing Structure in Expressions (AI-A.SSE),Equations in Context (MC)
12,1856059,"7,256","12,965",56%,1 min 22 sec,Algebra - Seeing Structure in Expressions (AI-A.SSE),Equations in Context (MC)
13,1856057,"6,188","11,206",55.20%,1 min 14 sec,Algebra - Seeing Structure in Expressions (AI-A.SSE),Equations in Context (MC)
14,1856010,"6,142","11,154",55.10%,1 min 23 sec,Algebra - Seeing Structure in Expressions (AI-A.SSE),Equations in Context (MC)
15,1856089,"6,014","10,941",55%,1 min 18 sec,Algebra - Seeing Structure in Expressions (AI-A.SSE),Equations in Context (MC)
16,1856071,"6,045","11,024",54.80%,1 min 17 sec,Algebra - Seeing Structure in Expressions (AI-A.SSE),Equations in Context (MC)
17,1856068,"6,042","11,096",54.50%,1 min 09 sec,Algebra - Seeing Structure in Expressions (AI-A.SSE),Equations in Context (MC)
18,1856027,"6,250","11,590",53.90%,1 min 13 sec,Algebra - Seeing Structure in Expressions (AI-A.SSE),Equations in Context (MC)
19,1856081,"5,920","10,974",53.90%,1 min 09 sec,Algebra - Seeing Structure in Expressions (AI-A.SSE),Equations in Context (MC)
20,1856067,"5,904","10,973",53.80%,1 min 19 sec,Algebra - Seeing Structure in Expressions (AI-A.SSE),Equations in Context (MC)
21,1856028,"5,913","11,026",53.60%,1 min 13 sec,Algebra - Seeing Structure in Expressions (AI-A.SSE),Equations in Context (MC)
22,1856029,"6,950","12,958",53.60%,1 min 14 sec,Algebra - Seeing Structure in Expressions (AI-A.SSE),Equations in Context (MC)
23,1856102,"6,115","11,419",53.60%,1 min 12 sec,Algebra - Seeing Structure in Expressions (AI-A.SSE),Equations in Context (MC)
24,1856024,"5,856","10,959",53.40%,1 min 14 sec,Algebra - Seeing Structure in Expressions (AI-A.SSE),Equations in Context (MC)
25,1856008,"5,858","11,004",53.20%,1 min 21 sec,Algebra - Seeing Structure in Expressions (AI-A.SSE),Equations in Context (MC)
26,1856025,"5,843","10,988",53.20%,1 min 15 sec,Algebra - Seeing Structure in Expressions (AI-A.SSE),Equations in Context (MC)
27,1856038,"6,724","12,647",53.20%,1 min 23 sec,Algebra - Seeing Structure in Expressions (AI-A.SSE),Equations in Context (MC)
28,1856032,"5,873","11,119",52.80%,1 min 18 sec,Algebra - Seeing Structure in Expressions (AI-A.SSE),Equations in Context (MC)
29,1856041,"5,740","10,917",52.60%,1 min 11 sec,Algebra - Seeing Structure in Expressions (AI-A.SSE),Equations in Context (MC)
30,1856087,"5,711","10,912",52.30%,1 min 16 sec,Algebra - Seeing Structure in Expressions (AI-A.SSE),Equations in Context (MC)
31,1856018,"5,813","11,141",52.20%,1 min 19 sec,Algebra - Seeing Structure in Expressions (AI-A.SSE),Equations in Context (MC)
32,1856036,"5,863","11,255",52.10%,1 min 17 sec,Algebra - Seeing Structure in Expressions (AI-A.SSE),Equations in Context (MC)
33,1856009,"5,664","10,985",51.60%,1 min 13 sec,Algebra - Seeing Structure in Expressions (AI-A.SSE),Equations in Context (MC)
34,1856022,"6,890","13,356",51.60%,1 min 22 sec,Algebra - Seeing Structure in Expressions (AI-A.SSE),Equations in Context (MC)
35,1856106,"5,651","10,973",51.50%,1 min 15 sec,Algebra - Seeing Structure in Expressions (AI-A.SSE),Equations in Context (MC)
36,1856011,"5,664","11,018",51.40%,1 min 22 sec,Algebra - Seeing Structure in Expressions (AI-A.SSE),Equations in Context (MC)
37,1856040,"5,708","11,115",51.40%,1 min 21 sec,Algebra - Seeing Structure in Expressions (AI-A.SSE),Equations in Context (MC)
38,1856086,"5,582","10,930",51.10%,1 min 21 sec,Algebra - Seeing Structure in Expressions (AI-A.SSE),Equations in Context (MC)
39,1856056,"5,568","10,962",50.80%,1 min 17 sec,Algebra - Seeing Structure in Expressions (AI-A.SSE),Equations in Context (MC)
40,1856061,"5,665","11,142",50.80%,1 min 18 sec,Algebra - Seeing Structure in Expressions (AI-A.SSE),Equations in Context (MC)
41,1856039,"5,693","11,234",50.70%,1 min 19 sec,Algebra - Seeing Structure in Expressions (AI-A.SSE),Equations in Context (MC)
42,1856044,"5,488","10,849",50.60%,1 min 22 sec,Algebra - Seeing Structure in Expressions (AI-A.SSE),Equations in Context (MC)
43,1856058,"5,492","10,865",50.50%,1 min 18 sec,Algebra - Seeing Structure in Expressions (AI-A.SSE),Equations in Context (MC)
44,1856101,"5,527","10,955",50.50%,1 min 21 sec,Algebra - Seeing Structure in Expressions (AI-A.SSE),Equations in Context (MC)
45,1856047,"5,513","10,962",50.30%,1 min 16 sec,Algebra - Seeing Structure in Expressions (AI-A.SSE),Equations in Context (MC)
46,1856062,"5,498","10,946",50.20%,1 min 23 sec,Algebra - Seeing Structure in Expressions (AI-A.SSE),Equations in Context (MC)
47,1856088,"5,619","11,187",50.20%,1 min 19 sec,Algebra - Seeing Structure in Expressions (AI-A.SSE),Equations in Context (MC)
48,1856097,"5,567","11,174",49.80%,1 min 19 sec,Algebra - Seeing Structure in Expressions (AI-A.SSE),Equations in Context (MC)
49,1856031,"5,304","10,817",49%,1 min 18 sec,Algebra - Seeing Structure in Expressions (AI-A.SSE),Equations in Context (MC)
50,1856017,"5,326","10,933",48.70%,1 min 23 sec,Algebra - Seeing Structure in Expressions (AI-A.SSE),Equations in Context (MC)
51,1856073,"5,428","11,138",48.70%,1 min 21 sec,Algebra - Seeing Structure in Expressions (AI-A.SSE),Equations in Context (MC)
52,1856037,"5,327","11,005",48.40%,1 min 15 sec,Algebra - Seeing Structure in Expressions (AI-A.SSE),Equations in Context (MC)
53,1856091,"5,203","10,753",48.40%,1 min 22 sec,Algebra - Seeing Structure in Expressions (AI-A.SSE),Equations in Context (MC)
54,1856043,"5,326","11,124",47.90%,1 min 15 sec,Algebra - Seeing Structure in Expressions (AI-A.SSE),Equations in Context (MC)
55,1856053,"5,256","10,965",47.90%,1 min 16 sec,Algebra - Seeing Structure in Expressions (AI-A.SSE),Equations in Context (MC)
56,1856015,"5,188","10,858",47.80%,1 min 14 sec,Algebra - Seeing Structure in Expressions (AI-A.SSE),Equations in Context (MC)
57,1856104,"5,298","11,218",47.20%,1 min 19 sec,Algebra - Seeing Structure in Expressions (AI-A.SSE),Equations in Context (MC)
58,1856084,"5,116","10,966",46.70%,1 min 14 sec,Algebra - Seeing Structure in Expressions (AI-A.SSE),Equations in Context (MC)
59,1856012,"6,078","13,249",45.90%,1 min 21 sec,Algebra - Seeing Structure in Expressions (AI-A.SSE),Equations in Context (MC)
60,1856050,"5,007","10,921",45.80%,1 min 16 sec,Algebra - Seeing Structure in Expressions (AI-A.SSE),Equations in Context (MC)
61,1856064,"5,006","10,963",45.70%,1 min 28 sec,Algebra - Seeing Structure in Expressions (AI-A.SSE),Equations in Context (MC)
62,1856066,"5,085","11,139",45.70%,1 min 16 sec,Algebra - Seeing Structure in Expressions (AI-A.SSE),Equations in Context (MC)
63,1856080,"5,022","11,039",45.50%,1 min 20 sec,Algebra - Seeing Structure in Expressions (AI-A.SSE),Equations in Context (MC)
64,1856030,"4,932","10,939",45.10%,1 min 14 sec,Algebra - Seeing Structure in Expressions (AI-A.SSE),Equations in Context (MC)
65,1856033,"4,899","10,965",44.70%,1 min 23 sec,Algebra - Seeing Structure in Expressions (AI-A.SSE),Equations in Context (MC)
66,1856096,"4,856","10,857",44.70%,1 min 18 sec,Algebra - Seeing Structure in Expressions (AI-A.SSE),Equations in Context (MC)
67,1856055,"4,901","11,008",44.50%,1 min 25 sec,Algebra - Seeing Structure in Expressions (AI-A.SSE),Equations in Context (MC)
68,1856094,"4,773","10,893",43.80%,1 min 23 sec,Algebra - Seeing Structure in Expressions (AI-A.SSE),Equations in Context (MC)
69,1856020,"4,854","11,253",43.10%,1 min 23 sec,Algebra - Seeing Structure in Expressions (AI-A.SSE),Equations in Context (MC)
70,1856098,"4,748","11,037",43%,1 min 26 sec,Algebra - Seeing Structure in Expressions (AI-A.SSE),Equations in Context (MC)
71,1856060,"4,609","10,878",42.40%,1 min 17 sec,Algebra - Seeing Structure in Expressions (AI-A.SSE),Equations in Context (MC)
72,1856083,"5,068","12,048",42.10%,1 min 23 sec,Algebra - Seeing Structure in Expressions (AI-A.SSE),Equations in Context (MC)
73,1856090,"4,934","11,768",41.90%,1 min 19 sec,Algebra - Seeing Structure in Expressions (AI-A.SSE),Equations in Context (MC)
74,1856065,"4,475","10,788",41.50%,1 min 24 sec,Algebra - Seeing Structure in Expressions (AI-A.SSE),Equations in Context (MC)
75,1856023,"4,989","12,144",41.10%,1 min 27 sec,Algebra - Seeing Structure in Expressions (AI-A.SSE),Equations in Context (MC)
76,1856048,"4,415","10,843",40.70%,1 min 17 sec,Algebra - Seeing Structure in Expressions (AI-A.SSE),Equations in Context (MC)
77,1856075,"4,880","12,082",40.40%,1 min 22 sec,Algebra - Seeing Structure in Expressions (AI-A.SSE),Equations in Context (MC)
78,1856093,"4,558","11,622",39.20%,1 min 16 sec,Algebra - Seeing Structure in Expressions (AI-A.SSE),Equations in Context (MC)
79,1856014,"4,287","11,027",38.90%,1 min 12 sec,Algebra - Seeing Structure in Expressions (AI-A.SSE),Equations in Context (MC)
80,1856021,"4,249","11,237",37.80%,1 min 19 sec,Algebra - Seeing Structure in Expressions (AI-A.SSE),Equations in Context (MC)
81,1856070,"4,150","11,035",37.60%,1 min 25 sec,Algebra - Seeing Structure in Expressions (AI-A.SSE),Equations in Context (MC)
82,1856049,"4,357","11,730",37.10%,1 min 30 sec,Algebra - Seeing Structure in Expressions (AI-A.SSE),Equations in Context (MC)
83,1856082,"4,073","10,986",37.10%,1 min 24 sec,Algebra - Seeing Structure in Expressions (AI-A.SSE),Equations in Context (MC)
84,1856042,"3,964","10,769",36.80%,1 min 12 sec,Algebra - Seeing Structure in Expressions (AI-A.SSE),Equations in Context (MC)
85,1856074,"3,968","10,864",36.50%,1 min 15 sec,Algebra - Seeing Structure in Expressions (AI-A.SSE),Equations in Context (MC)
86,1856100,"3,967","10,878",36.50%,1 min 21 sec,Algebra - Seeing Structure in Expressions (AI-A.SSE),Equations in Context (MC)
87,1856105,"4,049","11,096",36.50%,1 min 24 sec,Algebra - Seeing Structure in Expressions (AI-A.SSE),Equations in Context (MC)
88,1856076,"4,329","11,987",36.10%,1 min 24 sec,Algebra - Seeing Structure in Expressions (AI-A.SSE),Equations in Context (MC)
89,1856077,"3,931","10,937",35.90%,1 min 20 sec,Algebra - Seeing Structure in Expressions (AI-A.SSE),Equations in Context (MC)
90,1856099,"4,098","11,470",35.70%,1 min 15 sec,Algebra - Seeing Structure in Expressions (AI-A.SSE),Equations in Context (MC)
91,1856013,"3,875","10,895",35.60%,1 min 16 sec,Algebra - Seeing Structure in Expressions (AI-A.SSE),Equations in Context (MC)
92,1856095,"4,010","11,365",35.30%,1 min 30 sec,Algebra - Seeing Structure in Expressions (AI-A.SSE),Equations in Context (MC)
93,1856072,"3,868","11,175",34.60%,1 min 21 sec,Algebra - Seeing Structure in Expressions (AI-A.SSE),Equations in Context (MC)
94,1856092,"3,906","11,354",34.40%,1 min 16 sec,Algebra - Seeing Structure in Expressions (AI-A.SSE),Equations in Context (MC)
95,1856063,"3,672","10,764",34.10%,1 min 26 sec,Algebra - Seeing Structure in Expressions (AI-A.SSE),Equations in Context (MC)
96,1856016,"4,074","11,997",34%,1 min 31 sec,Algebra - Seeing Structure in Expressions (AI-A.SSE),Equations in Context (MC)
97,1856034,"3,767","11,074",34%,1 min 18 sec,Algebra - Seeing Structure in Expressions (AI-A.SSE),Equations in Context (MC)
98,1856052,"3,803","11,384",33.40%,1 min 25 sec,Algebra - Seeing Structure in Expressions (AI-A.SSE),Equations in Context (MC)
99,1856026,"3,667","11,098",33%,1 min 28 sec,Algebra - Seeing Structure in Expressions (AI-A.SSE),Equations in Context (MC)
100,1856103,"3,040","11,036",27.50%,1 min 20 sec,Algebra - Seeing Structure in Expressions (AI-A.SSE),Equations in Context (MC)
1,1670513,"28,817","32,396",89%,0 min 42 sec,Algebra - Seeing Structure in Expressions (AI-A.SSE),Find Growth/Decay Percentage (Level 1)
2,1670585,"29,262","32,876",89%,0 min 42 sec,Algebra - Seeing Structure in Expressions (AI-A.SSE),Find Growth/Decay Percentage (Level 1)
3,1670603,"28,898","32,488",88.90%,0 min 40 sec,Algebra - Seeing Structure in Expressions (AI-A.SSE),Find Growth/Decay Percentage (Level 1)
4,1670547,"29,154","32,849",88.80%,0 min 41 sec,Algebra - Seeing Structure in Expressions (AI-A.SSE),Find Growth/Decay Percentage (Level 1)
5,1670509,"28,546","32,177",88.70%,0 min 42 sec,Algebra - Seeing Structure in Expressions (AI-A.SSE),Find Growth/Decay Percentage (Level 1)
6,1670523,"28,661","32,327",88.70%,0 min 41 sec,Algebra - Seeing Structure in Expressions (AI-A.SSE),Find Growth/Decay Percentage (Level 1)
7,1670529,"28,599","32,287",88.60%,0 min 43 sec,Algebra - Seeing Structure in Expressions (AI-A.SSE),Find Growth/Decay Percentage (Level 1)
8,1670553,"28,750","32,460",88.60%,0 min 41 sec,Algebra - Seeing Structure in Expressions (AI-A.SSE),Find Growth/Decay Percentage (Level 1)
9,1670581,"28,836","32,550",88.60%,0 min 42 sec,Algebra - Seeing Structure in Expressions (AI-A.SSE),Find Growth/Decay Percentage (Level 1)
10,1670567,"28,827","32,609",88.40%,0 min 41 sec,Algebra - Seeing Structure in Expressions (AI-A.SSE),Find Growth/Decay Percentage (Level 1)
11,1670575,"28,778","32,565",88.40%,0 min 42 sec,Algebra - Seeing Structure in Expressions (AI-A.SSE),Find Growth/Decay Percentage (Level 1)
12,1670579,"28,434","32,151",88.40%,0 min 43 sec,Algebra - Seeing Structure in Expressions (AI-A.SSE),Find Growth/Decay Percentage (Level 1)
13,1670599,"29,481","33,337",88.40%,0 min 41 sec,Algebra - Seeing Structure in Expressions (AI-A.SSE),Find Growth/Decay Percentage (Level 1)
14,1670519,"27,883","31,602",88.20%,0 min 41 sec,Algebra - Seeing Structure in Expressions (AI-A.SSE),Find Growth/Decay Percentage (Level 1)
15,1670511,"28,422","32,280",88%,0 min 40 sec,Algebra - Seeing Structure in Expressions (AI-A.SSE),Find Growth/Decay Percentage (Level 1)
16,1670565,"28,113","31,944",88%,0 min 41 sec,Algebra - Seeing Structure in Expressions (AI-A.SSE),Find Growth/Decay Percentage (Level 1)
17,1670593,"28,527","32,478",87.80%,0 min 41 sec,Algebra - Seeing Structure in Expressions (AI-A.SSE),Find Growth/Decay Percentage (Level 1)
18,1670521,"28,365","32,385",87.60%,0 min 41 sec,Algebra - Seeing Structure in Expressions (AI-A.SSE),Find Growth/Decay Percentage (Level 1)
19,1670535,"28,763","32,875",87.50%,0 min 40 sec,Algebra - Seeing Structure in Expressions (AI-A.SSE),Find Growth/Decay Percentage (Level 1)
20,1670515,"28,328","32,481",87.20%,0 min 42 sec,Algebra - Seeing Structure in Expressions (AI-A.SSE),Find Growth/Decay Percentage (Level 1)
21,1670531,"28,189","32,355",87.10%,0 min 40 sec,Algebra - Seeing Structure in Expressions (AI-A.SSE),Find Growth/Decay Percentage (Level 1)
22,1670541,"28,736","32,979",87.10%,0 min 42 sec,Algebra - Seeing Structure in Expressions (AI-A.SSE),Find Growth/Decay Percentage (Level 1)
23,1670559,"27,803","32,444",85.70%,0 min 43 sec,Algebra - Seeing Structure in Expressions (AI-A.SSE),Find Growth/Decay Percentage (Level 1)
24,1670557,"27,790","32,519",85.50%,0 min 43 sec,Algebra - Seeing Structure in Expressions (AI-A.SSE),Find Growth/Decay Percentage (Level 1)
25,1670583,"27,669","32,487",85.20%,0 min 43 sec,Algebra - Seeing Structure in Expressions (AI-A.SSE),Find Growth/Decay Percentage (Level 1)
26,1670507,"27,867","32,816",84.90%,0 min 45 sec,Algebra - Seeing Structure in Expressions (AI-A.SSE),Find Growth/Decay Percentage (Level 1)
27,1670591,"28,043","33,054",84.80%,0 min 43 sec,Algebra - Seeing Structure in Expressions (AI-A.SSE),Find Growth/Decay Percentage (Level 1)
28,1670527,"27,350","32,281",84.70%,0 min 45 sec,Algebra - Seeing Structure in Expressions (AI-A.SSE),Find Growth/Decay Percentage (Level 1)
29,1670543,"26,934","31,843",84.60%,0 min 44 sec,Algebra - Seeing Structure in Expressions (AI-A.SSE),Find Growth/Decay Percentage (Level 1)
30,1670595,"27,470","32,517",84.50%,0 min 42 sec,Algebra - Seeing Structure in Expressions (AI-A.SSE),Find Growth/Decay Percentage (Level 1)
31,1670525,"27,941","33,133",84.30%,0 min 45 sec,Algebra - Seeing Structure in Expressions (AI-A.SSE),Find Growth/Decay Percentage (Level 1)
32,1670555,"27,760","32,968",84.20%,0 min 42 sec,Algebra - Seeing Structure in Expressions (AI-A.SSE),Find Growth/Decay Percentage (Level 1)
33,1670601,"27,457","32,594",84.20%,0 min 44 sec,Algebra - Seeing Structure in Expressions (AI-A.SSE),Find Growth/Decay Percentage (Level 1)
34,1670551,"27,407","32,599",84.10%,0 min 44 sec,Algebra - Seeing Structure in Expressions (AI-A.SSE),Find Growth/Decay Percentage (Level 1)
35,1670577,"27,727","32,976",84.10%,0 min 45 sec,Algebra - Seeing Structure in Expressions (AI-A.SSE),Find Growth/Decay Percentage (Level 1)
36,1670569,"25,735","32,407",79.40%,0 min 52 sec,Algebra - Seeing Structure in Expressions (AI-A.SSE),Find Growth/Decay Percentage (Level 1)
37,1670605,"25,204","32,096",78.50%,0 min 51 sec,Algebra - Seeing Structure in Expressions (AI-A.SSE),Find Growth/Decay Percentage (Level 1)
38,1670517,"25,464","32,608",78.10%,0 min 51 sec,Algebra - Seeing Structure in Expressions (AI-A.SSE),Find Growth/Decay Percentage (Level 1)
39,1670597,"25,208","32,449",77.70%,0 min 52 sec,Algebra - Seeing Structure in Expressions (AI-A.SSE),Find Growth/Decay Percentage (Level 1)
40,1670573,"25,175","32,485",77.50%,0 min 52 sec,Algebra - Seeing Structure in Expressions (AI-A.SSE),Find Growth/Decay Percentage (Level 1)
41,1670589,"24,942","32,190",77.50%,0 min 51 sec,Algebra - Seeing Structure in Expressions (AI-A.SSE),Find Growth/Decay Percentage (Level 1)
42,1670537,"24,976","32,480",76.90%,0 min 51 sec,Algebra - Seeing Structure in Expressions (AI-A.SSE),Find Growth/Decay Percentage (Level 1)
43,1670545,"25,134","32,731",76.80%,0 min 51 sec,Algebra - Seeing Structure in Expressions (AI-A.SSE),Find Growth/Decay Percentage (Level 1)
44,1670549,"24,241","31,839",76.10%,0 min 52 sec,Algebra - Seeing Structure in Expressions (AI-A.SSE),Find Growth/Decay Percentage (Level 1)
45,1670524,"25,385","33,406",76%,0 min 50 sec,Algebra - Seeing Structure in Expressions (AI-A.SSE),Find Growth/Decay Percentage (Level 1)
46,1670510,"24,975","32,893",75.90%,0 min 48 sec,Algebra - Seeing Structure in Expressions (AI-A.SSE),Find Growth/Decay Percentage (Level 1)
47,1670562,"25,113","33,147",75.80%,0 min 48 sec,Algebra - Seeing Structure in Expressions (AI-A.SSE),Find Growth/Decay Percentage (Level 1)
48,1670540,"24,603","32,555",75.60%,0 min 49 sec,Algebra - Seeing Structure in Expressions (AI-A.SSE),Find Growth/Decay Percentage (Level 1)
49,1670572,"24,609","32,596",75.50%,0 min 49 sec,Algebra - Seeing Structure in Expressions (AI-A.SSE),Find Growth/Decay Percentage (Level 1)
50,1670542,"24,390","32,365",75.40%,0 min 48 sec,Algebra - Seeing Structure in Expressions (AI-A.SSE),Find Growth/Decay Percentage (Level 1)
51,1670556,"24,838","32,960",75.40%,0 min 49 sec,Algebra - Seeing Structure in Expressions (AI-A.SSE),Find Growth/Decay Percentage (Level 1)
52,1670564,"24,226","32,139",75.40%,0 min 49 sec,Algebra - Seeing Structure in Expressions (AI-A.SSE),Find Growth/Decay Percentage (Level 1)
53,1670516,"25,329","33,621",75.30%,0 min 51 sec,Algebra - Seeing Structure in Expressions (AI-A.SSE),Find Growth/Decay Percentage (Level 1)
54,1670566,"24,565","32,730",75.10%,0 min 49 sec,Algebra - Seeing Structure in Expressions (AI-A.SSE),Find Growth/Decay Percentage (Level 1)
55,1670574,"24,287","32,342",75.10%,0 min 48 sec,Algebra - Seeing Structure in Expressions (AI-A.SSE),Find Growth/Decay Percentage (Level 1)
56,1670592,"24,568","32,704",75.10%,0 min 48 sec,Algebra - Seeing Structure in Expressions (AI-A.SSE),Find Growth/Decay Percentage (Level 1)
57,1670546,"24,444","32,642",74.90%,0 min 51 sec,Algebra - Seeing Structure in Expressions (AI-A.SSE),Find Growth/Decay Percentage (Level 1)
58,1670604,"24,614","32,905",74.80%,0 min 49 sec,Algebra - Seeing Structure in Expressions (AI-A.SSE),Find Growth/Decay Percentage (Level 1)
59,1670518,"23,886","32,022",74.60%,0 min 48 sec,Algebra - Seeing Structure in Expressions (AI-A.SSE),Find Growth/Decay Percentage (Level 1)
60,1670508,"24,077","32,334",74.50%,0 min 50 sec,Algebra - Seeing Structure in Expressions (AI-A.SSE),Find Growth/Decay Percentage (Level 1)
61,1670526,"24,375","32,741",74.40%,0 min 49 sec,Algebra - Seeing Structure in Expressions (AI-A.SSE),Find Growth/Decay Percentage (Level 1)
62,1670590,"24,046","32,354",74.30%,0 min 49 sec,Algebra - Seeing Structure in Expressions (AI-A.SSE),Find Growth/Decay Percentage (Level 1)
63,1670534,"24,204","32,798",73.80%,0 min 51 sec,Algebra - Seeing Structure in Expressions (AI-A.SSE),Find Growth/Decay Percentage (Level 1)
64,1670600,"23,541","31,945",73.70%,0 min 49 sec,Algebra - Seeing Structure in Expressions (AI-A.SSE),Find Growth/Decay Percentage (Level 1)
65,1670578,"23,272","31,679",73.50%,0 min 47 sec,Algebra - Seeing Structure in Expressions (AI-A.SSE),Find Growth/Decay Percentage (Level 1)
66,1670561,"24,095","32,813",73.40%,0 min 57 sec,Algebra - Seeing Structure in Expressions (AI-A.SSE),Find Growth/Decay Percentage (Level 1)
67,1670587,"23,487","32,239",72.90%,0 min 55 sec,Algebra - Seeing Structure in Expressions (AI-A.SSE),Find Growth/Decay Percentage (Level 1)
68,1670560,"23,891","32,961",72.50%,0 min 52 sec,Algebra - Seeing Structure in Expressions (AI-A.SSE),Find Growth/Decay Percentage (Level 1)
69,1670571,"23,473","32,362",72.50%,0 min 56 sec,Algebra - Seeing Structure in Expressions (AI-A.SSE),Find Growth/Decay Percentage (Level 1)
70,1670522,"23,497","32,523",72.20%,0 min 54 sec,Algebra - Seeing Structure in Expressions (AI-A.SSE),Find Growth/Decay Percentage (Level 1)
71,1670520,"24,000","33,541",71.60%,0 min 54 sec,Algebra - Seeing Structure in Expressions (AI-A.SSE),Find Growth/Decay Percentage (Level 1)
72,1670554,"23,261","32,491",71.60%,0 min 55 sec,Algebra - Seeing Structure in Expressions (AI-A.SSE),Find Growth/Decay Percentage (Level 1)
73,1670548,"23,078","32,464",71.10%,0 min 55 sec,Algebra - Seeing Structure in Expressions (AI-A.SSE),Find Growth/Decay Percentage (Level 1)
74,1670514,"22,533","32,046",70.30%,0 min 56 sec,Algebra - Seeing Structure in Expressions (AI-A.SSE),Find Growth/Decay Percentage (Level 1)
75,1670598,"22,386","32,053",69.80%,0 min 56 sec,Algebra - Seeing Structure in Expressions (AI-A.SSE),Find Growth/Decay Percentage (Level 1)
76,1670533,"22,709","32,594",69.70%,0 min 56 sec,Algebra - Seeing Structure in Expressions (AI-A.SSE),Find Growth/Decay Percentage (Level 1)
77,1670539,"22,073","31,732",69.60%,0 min 55 sec,Algebra - Seeing Structure in Expressions (AI-A.SSE),Find Growth/Decay Percentage (Level 1)
78,1670582,"22,694","32,612",69.60%,0 min 57 sec,Algebra - Seeing Structure in Expressions (AI-A.SSE),Find Growth/Decay Percentage (Level 1)
79,1670570,"22,257","32,153",69.20%,0 min 56 sec,Algebra - Seeing Structure in Expressions (AI-A.SSE),Find Growth/Decay Percentage (Level 1)
80,1670536,"22,440","32,469",69.10%,0 min 57 sec,Algebra - Seeing Structure in Expressions (AI-A.SSE),Find Growth/Decay Percentage (Level 1)
81,1670563,"22,038","32,194",68.50%,1 min 00 sec,Algebra - Seeing Structure in Expressions (AI-A.SSE),Find Growth/Decay Percentage (Level 1)
82,1670538,"20,954","31,963",65.60%,0 min 55 sec,Algebra - Seeing Structure in Expressions (AI-A.SSE),Find Growth/Decay Percentage (Level 1)
83,1670594,"20,931","32,478",64.40%,0 min 54 sec,Algebra - Seeing Structure in Expressions (AI-A.SSE),Find Growth/Decay Percentage (Level 1)
84,1670544,"20,243","32,337",62.60%,1 min 08 sec,Algebra - Seeing Structure in Expressions (AI-A.SSE),Find Growth/Decay Percentage (Level 1)
85,1670580,"19,995","32,018",62.40%,1 min 10 sec,Algebra - Seeing Structure in Expressions (AI-A.SSE),Find Growth/Decay Percentage (Level 1)
86,1670512,"19,611","31,576",62.10%,1 min 10 sec,Algebra - Seeing Structure in Expressions (AI-A.SSE),Find Growth/Decay Percentage (Level 1)
87,1670558,"20,350","32,750",62.10%,1 min 12 sec,Algebra - Seeing Structure in Expressions (AI-A.SSE),Find Growth/Decay Percentage (Level 1)
88,1670576,"19,841","32,101",61.80%,1 min 09 sec,Algebra - Seeing Structure in Expressions (AI-A.SSE),Find Growth/Decay Percentage (Level 1)
89,1670532,"19,686","31,953",61.60%,1 min 08 sec,Algebra - Seeing Structure in Expressions (AI-A.SSE),Find Growth/Decay Percentage (Level 1)
90,1670584,"19,279","31,518",61.20%,1 min 09 sec,Algebra - Seeing Structure in Expressions (AI-A.SSE),Find Growth/Decay Percentage (Level 1)
91,1670530,"19,487","32,256",60.40%,1 min 13 sec,Algebra - Seeing Structure in Expressions (AI-A.SSE),Find Growth/Decay Percentage (Level 1)
92,1670606,"19,242","31,950",60.20%,1 min 10 sec,Algebra - Seeing Structure in Expressions (AI-A.SSE),Find Growth/Decay Percentage (Level 1)
93,1670550,"19,097","31,947",59.80%,1 min 12 sec,Algebra - Seeing Structure in Expressions (AI-A.SSE),Find Growth/Decay Percentage (Level 1)
94,1670588,"18,672","31,727",58.90%,1 min 12 sec,Algebra - Seeing Structure in Expressions (AI-A.SSE),Find Growth/Decay Percentage (Level 1)
95,1670568,"18,595","31,978",58.10%,1 min 16 sec,Algebra - Seeing Structure in Expressions (AI-A.SSE),Find Growth/Decay Percentage (Level 1)
96,1670528,"18,365","31,744",57.90%,1 min 08 sec,Algebra - Seeing Structure in Expressions (AI-A.SSE),Find Growth/Decay Percentage (Level 1)
97,1670596,"18,196","31,556",57.70%,1 min 12 sec,Algebra - Seeing Structure in Expressions (AI-A.SSE),Find Growth/Decay Percentage (Level 1)
98,1670552,"17,342","31,663",54.80%,1 min 14 sec,Algebra - Seeing Structure in Expressions (AI-A.SSE),Find Growth/Decay Percentage (Level 1)
99,1670586,"17,392","31,932",54.50%,1 min 16 sec,Algebra - Seeing Structure in Expressions (AI-A.SSE),Find Growth/Decay Percentage (Level 1)
100,1670602,"15,233","31,322",48.60%,1 min 20 sec,Algebra - Seeing Structure in Expressions (AI-A.SSE),Find Growth/Decay Percentage (Level 1)
1,1802860,"3,249","3,678",88.30%,1 min 12 sec,Algebra - Seeing Structure in Expressions (AI-A.SSE),Interpret Quadratics in Context (Graphing Tech)
2,1802908,"3,683","4,208",87.50%,1 min 13 sec,Algebra - Seeing Structure in Expressions (AI-A.SSE),Interpret Quadratics in Context (Graphing Tech)
3,1802926,"3,468","3,973",87.30%,1 min 18 sec,Algebra - Seeing Structure in Expressions (AI-A.SSE),Interpret Quadratics in Context (Graphing Tech)
4,1802872,"3,494","4,015",87%,1 min 13 sec,Algebra - Seeing Structure in Expressions (AI-A.SSE),Interpret Quadratics in Context (Graphing Tech)
5,1802848,"3,592","4,134",86.90%,1 min 15 sec,Algebra - Seeing Structure in Expressions (AI-A.SSE),Interpret Quadratics in Context (Graphing Tech)
6,1802854,"3,354","3,875",86.60%,1 min 14 sec,Algebra - Seeing Structure in Expressions (AI-A.SSE),Interpret Quadratics in Context (Graphing Tech)
7,1802920,"3,445","3,978",86.60%,1 min 13 sec,Algebra - Seeing Structure in Expressions (AI-A.SSE),Interpret Quadratics in Context (Graphing Tech)
8,1802866,"3,308","3,826",86.50%,1 min 12 sec,Algebra - Seeing Structure in Expressions (AI-A.SSE),Interpret Quadratics in Context (Graphing Tech)
9,1802881,"3,409","3,940",86.50%,1 min 37 sec,Algebra - Seeing Structure in Expressions (AI-A.SSE),Interpret Quadratics in Context (Graphing Tech)
10,1802902,"3,294","3,829",86%,1 min 14 sec,Algebra - Seeing Structure in Expressions (AI-A.SSE),Interpret Quadratics in Context (Graphing Tech)
11,1802929,"3,139","3,858",81.40%,1 min 36 sec,Algebra - Seeing Structure in Expressions (AI-A.SSE),Interpret Quadratics in Context (Graphing Tech)
12,1802875,"3,018","3,807",79.30%,1 min 46 sec,Algebra - Seeing Structure in Expressions (AI-A.SSE),Interpret Quadratics in Context (Graphing Tech)
13,1802940,"3,619","4,582",79%,1 min 48 sec,Algebra - Seeing Structure in Expressions (AI-A.SSE),Interpret Quadratics in Context (Graphing Tech)
14,1802869,"3,049","3,886",78.50%,1 min 39 sec,Algebra - Seeing Structure in Expressions (AI-A.SSE),Interpret Quadratics in Context (Graphing Tech)
15,1802935,"3,087","3,934",78.50%,1 min 42 sec,Algebra - Seeing Structure in Expressions (AI-A.SSE),Interpret Quadratics in Context (Graphing Tech)
16,1802874,"3,133","4,019",78%,1 min 43 sec,Algebra - Seeing Structure in Expressions (AI-A.SSE),Interpret Quadratics in Context (Graphing Tech)
17,1802934,"2,990","3,834",78%,1 min 38 sec,Algebra - Seeing Structure in Expressions (AI-A.SSE),Interpret Quadratics in Context (Graphing Tech)
18,1802851,"3,111","3,997",77.80%,1 min 52 sec,Algebra - Seeing Structure in Expressions (AI-A.SSE),Interpret Quadratics in Context (Graphing Tech)
19,1802863,"3,194","4,103",77.80%,1 min 47 sec,Algebra - Seeing Structure in Expressions (AI-A.SSE),Interpret Quadratics in Context (Graphing Tech)
20,1802905,"3,365","4,338",77.60%,1 min 45 sec,Algebra - Seeing Structure in Expressions (AI-A.SSE),Interpret Quadratics in Context (Graphing Tech)
21,1802857,"2,988","3,855",77.50%,1 min 38 sec,Algebra - Seeing Structure in Expressions (AI-A.SSE),Interpret Quadratics in Context (Graphing Tech)
22,1802923,"3,232","4,174",77.40%,1 min 57 sec,Algebra - Seeing Structure in Expressions (AI-A.SSE),Interpret Quadratics in Context (Graphing Tech)
23,1802850,"3,020","3,910",77.20%,1 min 32 sec,Algebra - Seeing Structure in Expressions (AI-A.SSE),Interpret Quadratics in Context (Graphing Tech)
24,1802911,"2,894","3,761",76.90%,1 min 50 sec,Algebra - Seeing Structure in Expressions (AI-A.SSE),Interpret Quadratics in Context (Graphing Tech)
25,1802922,"3,222","4,195",76.80%,1 min 48 sec,Algebra - Seeing Structure in Expressions (AI-A.SSE),Interpret Quadratics in Context (Graphing Tech)
26,1802945,"3,220","4,206",76.60%,1 min 50 sec,Algebra - Seeing Structure in Expressions (AI-A.SSE),Interpret Quadratics in Context (Graphing Tech)
27,1802899,"2,871","3,760",76.40%,1 min 53 sec,Algebra - Seeing Structure in Expressions (AI-A.SSE),Interpret Quadratics in Context (Graphing Tech)
28,1802893,"2,932","3,845",76.30%,1 min 48 sec,Algebra - Seeing Structure in Expressions (AI-A.SSE),Interpret Quadratics in Context (Graphing Tech)
29,1802917,"2,823","3,776",74.80%,1 min 49 sec,Algebra - Seeing Structure in Expressions (AI-A.SSE),Interpret Quadratics in Context (Graphing Tech)
30,1802886,"2,798","3,749",74.60%,1 min 39 sec,Algebra - Seeing Structure in Expressions (AI-A.SSE),Interpret Quadratics in Context (Graphing Tech)
31,1802916,"2,864","3,855",74.30%,1 min 45 sec,Algebra - Seeing Structure in Expressions (AI-A.SSE),Interpret Quadratics in Context (Graphing Tech)
32,1802887,"3,000","4,062",73.90%,1 min 46 sec,Algebra - Seeing Structure in Expressions (AI-A.SSE),Interpret Quadratics in Context (Graphing Tech)
33,1802914,"3,002","4,101",73.20%,1 min 19 sec,Algebra - Seeing Structure in Expressions (AI-A.SSE),Interpret Quadratics in Context (Graphing Tech)
34,1802855,"2,888","3,959",72.90%,1 min 47 sec,Algebra - Seeing Structure in Expressions (AI-A.SSE),Interpret Quadratics in Context (Graphing Tech)
35,1802898,"2,891","3,970",72.80%,1 min 54 sec,Algebra - Seeing Structure in Expressions (AI-A.SSE),Interpret Quadratics in Context (Graphing Tech)
36,1802938,"3,068","4,218",72.70%,1 min 24 sec,Algebra - Seeing Structure in Expressions (AI-A.SSE),Interpret Quadratics in Context (Graphing Tech)
37,1802932,"2,913","4,015",72.60%,1 min 21 sec,Algebra - Seeing Structure in Expressions (AI-A.SSE),Interpret Quadratics in Context (Graphing Tech)
38,1802856,"2,869","3,966",72.30%,1 min 43 sec,Algebra - Seeing Structure in Expressions (AI-A.SSE),Interpret Quadratics in Context (Graphing Tech)
39,1802862,"2,810","3,894",72.20%,1 min 43 sec,Algebra - Seeing Structure in Expressions (AI-A.SSE),Interpret Quadratics in Context (Graphing Tech)
40,1802890,"2,762","3,827",72.20%,1 min 25 sec,Algebra - Seeing Structure in Expressions (AI-A.SSE),Interpret Quadratics in Context (Graphing Tech)
41,1802904,"2,793","3,869",72.20%,1 min 44 sec,Algebra - Seeing Structure in Expressions (AI-A.SSE),Interpret Quadratics in Context (Graphing Tech)
42,1802892,"2,989","4,145",72.10%,1 min 51 sec,Algebra - Seeing Structure in Expressions (AI-A.SSE),Interpret Quadratics in Context (Graphing Tech)
43,1802878,"2,835","3,939",72%,1 min 21 sec,Algebra - Seeing Structure in Expressions (AI-A.SSE),Interpret Quadratics in Context (Graphing Tech)
44,1802849,"3,052","4,242",71.90%,1 min 55 sec,Algebra - Seeing Structure in Expressions (AI-A.SSE),Interpret Quadratics in Context (Graphing Tech)
45,1802910,"2,689","3,745",71.80%,1 min 37 sec,Algebra - Seeing Structure in Expressions (AI-A.SSE),Interpret Quadratics in Context (Graphing Tech)
46,1802943,"2,772","3,860",71.80%,1 min 21 sec,Algebra - Seeing Structure in Expressions (AI-A.SSE),Interpret Quadratics in Context (Graphing Tech)
47,1802868,"2,673","3,733",71.60%,1 min 43 sec,Algebra - Seeing Structure in Expressions (AI-A.SSE),Interpret Quadratics in Context (Graphing Tech)
48,1802896,"3,004","4,202",71.50%,1 min 25 sec,Algebra - Seeing Structure in Expressions (AI-A.SSE),Interpret Quadratics in Context (Graphing Tech)
49,1802928,"2,791","3,936",70.90%,1 min 41 sec,Algebra - Seeing Structure in Expressions (AI-A.SSE),Interpret Quadratics in Context (Graphing Tech)
50,1802884,"2,744","3,910",70.20%,1 min 20 sec,Algebra - Seeing Structure in Expressions (AI-A.SSE),Interpret Quadratics in Context (Graphing Tech)
51,1802880,"2,783","4,013",69.30%,1 min 58 sec,Algebra - Seeing Structure in Expressions (AI-A.SSE),Interpret Quadratics in Context (Graphing Tech)
52,1802885,"2,666","3,853",69.20%,1 min 58 sec,Algebra - Seeing Structure in Expressions (AI-A.SSE),Interpret Quadratics in Context (Graphing Tech)
53,1802921,"2,768","4,032",68.70%,1 min 51 sec,Algebra - Seeing Structure in Expressions (AI-A.SSE),Interpret Quadratics in Context (Graphing Tech)
54,1802915,"2,558","3,884",65.90%,1 min 52 sec,Algebra - Seeing Structure in Expressions (AI-A.SSE),Interpret Quadratics in Context (Graphing Tech)
55,1802867,"2,623","4,255",61.60%,2 min 12 sec,Algebra - Seeing Structure in Expressions (AI-A.SSE),Interpret Quadratics in Context (Graphing Tech)
56,1802897,"2,340","3,814",61.40%,1 min 55 sec,Algebra - Seeing Structure in Expressions (AI-A.SSE),Interpret Quadratics in Context (Graphing Tech)
57,1802909,"2,473","4,033",61.30%,1 min 57 sec,Algebra - Seeing Structure in Expressions (AI-A.SSE),Interpret Quadratics in Context (Graphing Tech)
58,1802873,"2,321","3,805",61%,1 min 56 sec,Algebra - Seeing Structure in Expressions (AI-A.SSE),Interpret Quadratics in Context (Graphing Tech)
59,1802879,"2,283","3,771",60.50%,1 min 58 sec,Algebra - Seeing Structure in Expressions (AI-A.SSE),Interpret Quadratics in Context (Graphing Tech)
60,1802888,"2,393","3,969",60.30%,2 min 15 sec,Algebra - Seeing Structure in Expressions (AI-A.SSE),Interpret Quadratics in Context (Graphing Tech)
61,1802864,"2,207","3,695",59.70%,2 min 32 sec,Algebra - Seeing Structure in Expressions (AI-A.SSE),Interpret Quadratics in Context (Graphing Tech)
62,1802876,"2,284","3,823",59.70%,2 min 23 sec,Algebra - Seeing Structure in Expressions (AI-A.SSE),Interpret Quadratics in Context (Graphing Tech)
63,1802912,"2,257","3,809",59.30%,2 min 22 sec,Algebra - Seeing Structure in Expressions (AI-A.SSE),Interpret Quadratics in Context (Graphing Tech)
64,1802941,"2,197","3,724",59%,2 min 30 sec,Algebra - Seeing Structure in Expressions (AI-A.SSE),Interpret Quadratics in Context (Graphing Tech)
65,1802930,"2,547","4,325",58.90%,2 min 14 sec,Algebra - Seeing Structure in Expressions (AI-A.SSE),Interpret Quadratics in Context (Graphing Tech)
66,1802846,"2,220","3,781",58.70%,2 min 40 sec,Algebra - Seeing Structure in Expressions (AI-A.SSE),Interpret Quadratics in Context (Graphing Tech)
67,1802900,"2,277","3,901",58.40%,2 min 17 sec,Algebra - Seeing Structure in Expressions (AI-A.SSE),Interpret Quadratics in Context (Graphing Tech)
68,1802894,"2,382","4,094",58.20%,2 min 29 sec,Algebra - Seeing Structure in Expressions (AI-A.SSE),Interpret Quadratics in Context (Graphing Tech)
69,1802927,"2,314","3,977",58.20%,2 min 13 sec,Algebra - Seeing Structure in Expressions (AI-A.SSE),Interpret Quadratics in Context (Graphing Tech)
70,1802858,"2,080","3,585",58%,2 min 38 sec,Algebra - Seeing Structure in Expressions (AI-A.SSE),Interpret Quadratics in Context (Graphing Tech)
71,1802852,"2,088","3,620",57.70%,2 min 17 sec,Algebra - Seeing Structure in Expressions (AI-A.SSE),Interpret Quadratics in Context (Graphing Tech)
72,1802870,"2,191","3,796",57.70%,2 min 31 sec,Algebra - Seeing Structure in Expressions (AI-A.SSE),Interpret Quadratics in Context (Graphing Tech)
73,1802918,"2,252","3,961",56.90%,2 min 36 sec,Algebra - Seeing Structure in Expressions (AI-A.SSE),Interpret Quadratics in Context (Graphing Tech)
74,1802882,"2,097","3,699",56.70%,2 min 39 sec,Algebra - Seeing Structure in Expressions (AI-A.SSE),Interpret Quadratics in Context (Graphing Tech)
75,1802933,"2,096","3,728",56.20%,2 min 00 sec,Algebra - Seeing Structure in Expressions (AI-A.SSE),Interpret Quadratics in Context (Graphing Tech)
76,1802906,"2,118","3,779",56%,2 min 44 sec,Algebra - Seeing Structure in Expressions (AI-A.SSE),Interpret Quadratics in Context (Graphing Tech)
77,1802903,"2,143","3,831",55.90%,2 min 06 sec,Algebra - Seeing Structure in Expressions (AI-A.SSE),Interpret Quadratics in Context (Graphing Tech)
78,1802924,"2,097","3,785",55.40%,2 min 33 sec,Algebra - Seeing Structure in Expressions (AI-A.SSE),Interpret Quadratics in Context (Graphing Tech)
79,1802891,"2,188","3,977",55%,2 min 02 sec,Algebra - Seeing Structure in Expressions (AI-A.SSE),Interpret Quadratics in Context (Graphing Tech)
80,1802861,"2,072","3,801",54.50%,2 min 16 sec,Algebra - Seeing Structure in Expressions (AI-A.SSE),Interpret Quadratics in Context (Graphing Tech)
81,1802936,"2,022","3,712",54.50%,2 min 19 sec,Algebra - Seeing Structure in Expressions (AI-A.SSE),Interpret Quadratics in Context (Graphing Tech)
82,1802944,"2,070","3,883",53.30%,2 min 23 sec,Algebra - Seeing Structure in Expressions (AI-A.SSE),Interpret Quadratics in Context (Graphing Tech)
83,1802939,"1,873","3,582",52.30%,2 min 11 sec,Algebra - Seeing Structure in Expressions (AI-A.SSE),Interpret Quadratics in Context (Graphing Tech)
84,1802883,"1,944","3,963",49.10%,2 min 11 sec,Algebra - Seeing Structure in Expressions (AI-A.SSE),Interpret Quadratics in Context (Graphing Tech)
85,1802919,"1,830","3,839",47.70%,2 min 14 sec,Algebra - Seeing Structure in Expressions (AI-A.SSE),Interpret Quadratics in Context (Graphing Tech)
86,1802847,"1,720","3,636",47.30%,2 min 04 sec,Algebra - Seeing Structure in Expressions (AI-A.SSE),Interpret Quadratics in Context (Graphing Tech)
87,1802853,"1,752","3,723",47.10%,2 min 11 sec,Algebra - Seeing Structure in Expressions (AI-A.SSE),Interpret Quadratics in Context (Graphing Tech)
88,1802942,"1,655","3,537",46.80%,2 min 24 sec,Algebra - Seeing Structure in Expressions (AI-A.SSE),Interpret Quadratics in Context (Graphing Tech)
89,1802925,"1,718","3,716",46.20%,2 min 15 sec,Algebra - Seeing Structure in Expressions (AI-A.SSE),Interpret Quadratics in Context (Graphing Tech)
90,1802877,"1,669","3,663",45.60%,2 min 17 sec,Algebra - Seeing Structure in Expressions (AI-A.SSE),Interpret Quadratics in Context (Graphing Tech)
91,1802931,"1,706","3,770",45.30%,2 min 17 sec,Algebra - Seeing Structure in Expressions (AI-A.SSE),Interpret Quadratics in Context (Graphing Tech)
92,1802907,"1,611","3,590",44.90%,2 min 26 sec,Algebra - Seeing Structure in Expressions (AI-A.SSE),Interpret Quadratics in Context (Graphing Tech)
93,1802901,"1,644","3,747",43.90%,2 min 18 sec,Algebra - Seeing Structure in Expressions (AI-A.SSE),Interpret Quadratics in Context (Graphing Tech)
94,1802937,"1,544","3,533",43.70%,2 min 17 sec,Algebra - Seeing Structure in Expressions (AI-A.SSE),Interpret Quadratics in Context (Graphing Tech)
95,1802871,"1,343","3,567",37.70%,2 min 43 sec,Algebra - Seeing Structure in Expressions (AI-A.SSE),Interpret Quadratics in Context (Graphing Tech)
96,1802865,"1,256","3,577",35.10%,2 min 37 sec,Algebra - Seeing Structure in Expressions (AI-A.SSE),Interpret Quadratics in Context (Graphing Tech)
97,1802913,"1,286","3,685",34.90%,2 min 39 sec,Algebra - Seeing Structure in Expressions (AI-A.SSE),Interpret Quadratics in Context (Graphing Tech)
98,1802859,"1,231","3,576",34.40%,2 min 36 sec,Algebra - Seeing Structure in Expressions (AI-A.SSE),Interpret Quadratics in Context (Graphing Tech)
99,1802895,"1,222","3,617",33.80%,2 min 35 sec,Algebra - Seeing Structure in Expressions (AI-A.SSE),Interpret Quadratics in Context (Graphing Tech)
100,1802889,"1,203","3,570",33.70%,2 min 43 sec,Algebra - Seeing Structure in Expressions (AI-A.SSE),Interpret Quadratics in Context (Graphing Tech)
1,1605353,"20,246","27,976",72.40%,0 min 45 sec,Algebra - Seeing Structure in Expressions (AI-A.SSE),Match Exponential Equation and Context
2,1605321,"20,188","28,014",72.10%,0 min 45 sec,Algebra - Seeing Structure in Expressions (AI-A.SSE),Match Exponential Equation and Context
3,1605313,"20,166","28,514",70.70%,0 min 45 sec,Algebra - Seeing Structure in Expressions (AI-A.SSE),Match Exponential Equation and Context
4,1605371,"20,444","29,158",70.10%,0 min 46 sec,Algebra - Seeing Structure in Expressions (AI-A.SSE),Match Exponential Equation and Context
5,1605315,"19,881","28,421",70%,0 min 49 sec,Algebra - Seeing Structure in Expressions (AI-A.SSE),Match Exponential Equation and Context
6,1605320,"19,992","28,714",69.60%,0 min 44 sec,Algebra - Seeing Structure in Expressions (AI-A.SSE),Match Exponential Equation and Context
7,1605361,"19,697","28,876",68.20%,0 min 45 sec,Algebra - Seeing Structure in Expressions (AI-A.SSE),Match Exponential Equation and Context
8,1605300,"19,950","29,354",68%,0 min 52 sec,Algebra - Seeing Structure in Expressions (AI-A.SSE),Match Exponential Equation and Context
9,1605296,"19,339","28,518",67.80%,0 min 43 sec,Algebra - Seeing Structure in Expressions (AI-A.SSE),Match Exponential Equation and Context
10,1605280,"19,436","29,055",66.90%,0 min 46 sec,Algebra - Seeing Structure in Expressions (AI-A.SSE),Match Exponential Equation and Context
11,1605295,"19,490","29,181",66.80%,0 min 54 sec,Algebra - Seeing Structure in Expressions (AI-A.SSE),Match Exponential Equation and Context
12,1605332,"18,853","28,215",66.80%,0 min 48 sec,Algebra - Seeing Structure in Expressions (AI-A.SSE),Match Exponential Equation and Context
13,1605328,"19,251","28,967",66.50%,0 min 44 sec,Algebra - Seeing Structure in Expressions (AI-A.SSE),Match Exponential Equation and Context
14,1605370,"18,964","28,499",66.50%,0 min 54 sec,Algebra - Seeing Structure in Expressions (AI-A.SSE),Match Exponential Equation and Context
15,1605336,"18,814","28,592",65.80%,0 min 47 sec,Algebra - Seeing Structure in Expressions (AI-A.SSE),Match Exponential Equation and Context
16,1605340,"18,544","28,377",65.30%,0 min 47 sec,Algebra - Seeing Structure in Expressions (AI-A.SSE),Match Exponential Equation and Context
17,1605284,"18,071","27,946",64.70%,0 min 51 sec,Algebra - Seeing Structure in Expressions (AI-A.SSE),Match Exponential Equation and Context
18,1605346,"18,556","28,838",64.30%,0 min 53 sec,Algebra - Seeing Structure in Expressions (AI-A.SSE),Match Exponential Equation and Context
19,1605345,"18,230","28,435",64.10%,0 min 45 sec,Algebra - Seeing Structure in Expressions (AI-A.SSE),Match Exponential Equation and Context
20,1605354,"17,854","27,874",64.10%,0 min 50 sec,Algebra - Seeing Structure in Expressions (AI-A.SSE),Match Exponential Equation and Context
21,1605358,"17,882","28,145",63.50%,0 min 50 sec,Algebra - Seeing Structure in Expressions (AI-A.SSE),Match Exponential Equation and Context
22,1605308,"17,320","27,372",63.30%,0 min 56 sec,Algebra - Seeing Structure in Expressions (AI-A.SSE),Match Exponential Equation and Context
23,1605337,"17,691","27,935",63.30%,0 min 45 sec,Algebra - Seeing Structure in Expressions (AI-A.SSE),Match Exponential Equation and Context
24,1605355,"17,014","27,180",62.60%,0 min 59 sec,Algebra - Seeing Structure in Expressions (AI-A.SSE),Match Exponential Equation and Context
25,1605360,"17,631","28,165",62.60%,0 min 46 sec,Algebra - Seeing Structure in Expressions (AI-A.SSE),Match Exponential Equation and Context
26,1605279,"17,580","28,107",62.50%,0 min 53 sec,Algebra - Seeing Structure in Expressions (AI-A.SSE),Match Exponential Equation and Context
27,1605305,"17,403","27,926",62.30%,0 min 46 sec,Algebra - Seeing Structure in Expressions (AI-A.SSE),Match Exponential Equation and Context
28,1605318,"17,756","28,564",62.20%,0 min 51 sec,Algebra - Seeing Structure in Expressions (AI-A.SSE),Match Exponential Equation and Context
29,1605309,"17,613","28,370",62.10%,0 min 54 sec,Algebra - Seeing Structure in Expressions (AI-A.SSE),Match Exponential Equation and Context
30,1605273,"17,701","28,574",61.90%,0 min 46 sec,Algebra - Seeing Structure in Expressions (AI-A.SSE),Match Exponential Equation and Context
31,1605331,"16,950","27,458",61.70%,0 min 53 sec,Algebra - Seeing Structure in Expressions (AI-A.SSE),Match Exponential Equation and Context
32,1605316,"17,692","28,739",61.60%,0 min 49 sec,Algebra - Seeing Structure in Expressions (AI-A.SSE),Match Exponential Equation and Context
33,1605368,"17,413","28,531",61%,0 min 44 sec,Algebra - Seeing Structure in Expressions (AI-A.SSE),Match Exponential Equation and Context
34,1605367,"17,029","28,048",60.70%,0 min 53 sec,Algebra - Seeing Structure in Expressions (AI-A.SSE),Match Exponential Equation and Context
35,1605322,"17,063","28,290",60.30%,0 min 50 sec,Algebra - Seeing Structure in Expressions (AI-A.SSE),Match Exponential Equation and Context
36,1605323,"16,954","28,375",59.70%,0 min 54 sec,Algebra - Seeing Structure in Expressions (AI-A.SSE),Match Exponential Equation and Context
37,1605272,"16,184","27,232",59.40%,0 min 45 sec,Algebra - Seeing Structure in Expressions (AI-A.SSE),Match Exponential Equation and Context
38,1605343,"16,306","28,050",58.10%,0 min 55 sec,Algebra - Seeing Structure in Expressions (AI-A.SSE),Match Exponential Equation and Context
39,1605289,"16,487","28,425",58%,0 min 45 sec,Algebra - Seeing Structure in Expressions (AI-A.SSE),Match Exponential Equation and Context
40,1605342,"15,950","27,696",57.60%,0 min 48 sec,Algebra - Seeing Structure in Expressions (AI-A.SSE),Match Exponential Equation and Context
41,1605347,"15,816","27,722",57.10%,0 min 49 sec,Algebra - Seeing Structure in Expressions (AI-A.SSE),Match Exponential Equation and Context
42,1605297,"16,064","28,312",56.70%,0 min 46 sec,Algebra - Seeing Structure in Expressions (AI-A.SSE),Match Exponential Equation and Context
43,1605314,"15,744","27,764",56.70%,0 min 54 sec,Algebra - Seeing Structure in Expressions (AI-A.SSE),Match Exponential Equation and Context
44,1605363,"15,428","27,473",56.20%,0 min 56 sec,Algebra - Seeing Structure in Expressions (AI-A.SSE),Match Exponential Equation and Context
45,1605366,"16,145","28,893",55.90%,0 min 54 sec,Algebra - Seeing Structure in Expressions (AI-A.SSE),Match Exponential Equation and Context
46,1605310,"15,709","28,244",55.60%,0 min 48 sec,Algebra - Seeing Structure in Expressions (AI-A.SSE),Match Exponential Equation and Context
47,1605351,"15,900","28,630",55.50%,0 min 56 sec,Algebra - Seeing Structure in Expressions (AI-A.SSE),Match Exponential Equation and Context
48,1605286,"15,045","27,155",55.40%,0 min 54 sec,Algebra - Seeing Structure in Expressions (AI-A.SSE),Match Exponential Equation and Context
49,1605359,"15,587","28,559",54.60%,0 min 55 sec,Algebra - Seeing Structure in Expressions (AI-A.SSE),Match Exponential Equation and Context
50,1605352,"15,302","28,157",54.30%,0 min 46 sec,Algebra - Seeing Structure in Expressions (AI-A.SSE),Match Exponential Equation and Context
51,1605327,"15,005","27,770",54%,0 min 55 sec,Algebra - Seeing Structure in Expressions (AI-A.SSE),Match Exponential Equation and Context
52,1605287,"15,010","27,845",53.90%,1 min 01 sec,Algebra - Seeing Structure in Expressions (AI-A.SSE),Match Exponential Equation and Context
53,1605294,"14,827","27,522",53.90%,0 min 54 sec,Algebra - Seeing Structure in Expressions (AI-A.SSE),Match Exponential Equation and Context
54,1605350,"14,943","27,856",53.60%,0 min 54 sec,Algebra - Seeing Structure in Expressions (AI-A.SSE),Match Exponential Equation and Context
55,1605325,"14,885","27,907",53.30%,0 min 53 sec,Algebra - Seeing Structure in Expressions (AI-A.SSE),Match Exponential Equation and Context
56,1605335,"14,852","27,994",53.10%,0 min 54 sec,Algebra - Seeing Structure in Expressions (AI-A.SSE),Match Exponential Equation and Context
57,1605299,"14,263","27,114",52.60%,0 min 56 sec,Algebra - Seeing Structure in Expressions (AI-A.SSE),Match Exponential Equation and Context
58,1605357,"14,608","27,857",52.40%,0 min 48 sec,Algebra - Seeing Structure in Expressions (AI-A.SSE),Match Exponential Equation and Context
59,1605339,"14,338","27,425",52.30%,0 min 51 sec,Algebra - Seeing Structure in Expressions (AI-A.SSE),Match Exponential Equation and Context
60,1605311,"14,648","28,663",51.10%,0 min 52 sec,Algebra - Seeing Structure in Expressions (AI-A.SSE),Match Exponential Equation and Context
61,1605319,"14,333","28,283",50.70%,0 min 53 sec,Algebra - Seeing Structure in Expressions (AI-A.SSE),Match Exponential Equation and Context
62,1605288,"13,527","27,154",49.80%,0 min 47 sec,Algebra - Seeing Structure in Expressions (AI-A.SSE),Match Exponential Equation and Context
63,1605362,"13,956","28,097",49.70%,0 min 52 sec,Algebra - Seeing Structure in Expressions (AI-A.SSE),Match Exponential Equation and Context
64,1605304,"13,584","27,376",49.60%,0 min 45 sec,Algebra - Seeing Structure in Expressions (AI-A.SSE),Match Exponential Equation and Context
65,1605364,"13,446","27,187",49.50%,0 min 56 sec,Algebra - Seeing Structure in Expressions (AI-A.SSE),Match Exponential Equation and Context
66,1605285,"13,571","28,000",48.50%,0 min 51 sec,Algebra - Seeing Structure in Expressions (AI-A.SSE),Match Exponential Equation and Context
67,1605303,"13,440","28,131",47.80%,0 min 52 sec,Algebra - Seeing Structure in Expressions (AI-A.SSE),Match Exponential Equation and Context
68,1605274,"13,291","28,084",47.30%,0 min 52 sec,Algebra - Seeing Structure in Expressions (AI-A.SSE),Match Exponential Equation and Context
69,1605277,"13,769","29,128",47.30%,0 min 50 sec,Algebra - Seeing Structure in Expressions (AI-A.SSE),Match Exponential Equation and Context
70,1605324,"12,515","26,790",46.70%,0 min 55 sec,Algebra - Seeing Structure in Expressions (AI-A.SSE),Match Exponential Equation and Context
71,1605275,"12,432","26,790",46.40%,0 min 57 sec,Algebra - Seeing Structure in Expressions (AI-A.SSE),Match Exponential Equation and Context
72,1605326,"12,865","27,796",46.30%,0 min 55 sec,Algebra - Seeing Structure in Expressions (AI-A.SSE),Match Exponential Equation and Context
73,1605276,"13,002","28,324",45.90%,0 min 49 sec,Algebra - Seeing Structure in Expressions (AI-A.SSE),Match Exponential Equation and Context
74,1605291,"12,162","26,618",45.70%,0 min 56 sec,Algebra - Seeing Structure in Expressions (AI-A.SSE),Match Exponential Equation and Context
75,1605281,"12,386","27,501",45%,0 min 45 sec,Algebra - Seeing Structure in Expressions (AI-A.SSE),Match Exponential Equation and Context
76,1605293,"12,415","27,754",44.70%,0 min 59 sec,Algebra - Seeing Structure in Expressions (AI-A.SSE),Match Exponential Equation and Context
77,1605312,"12,131","27,308",44.40%,0 min 46 sec,Algebra - Seeing Structure in Expressions (AI-A.SSE),Match Exponential Equation and Context
78,1605317,"12,248","27,728",44.20%,0 min 52 sec,Algebra - Seeing Structure in Expressions (AI-A.SSE),Match Exponential Equation and Context
79,1605349,"12,214","27,614",44.20%,0 min 55 sec,Algebra - Seeing Structure in Expressions (AI-A.SSE),Match Exponential Equation and Context
80,1605307,"11,832","26,909",44%,1 min 00 sec,Algebra - Seeing Structure in Expressions (AI-A.SSE),Match Exponential Equation and Context
81,1605365,"11,983","27,315",43.90%,0 min 58 sec,Algebra - Seeing Structure in Expressions (AI-A.SSE),Match Exponential Equation and Context
82,1605369,"12,100","27,786",43.50%,0 min 48 sec,Algebra - Seeing Structure in Expressions (AI-A.SSE),Match Exponential Equation and Context
83,1605333,"11,762","27,478",42.80%,0 min 55 sec,Algebra - Seeing Structure in Expressions (AI-A.SSE),Match Exponential Equation and Context
84,1605283,"11,552","27,044",42.70%,1 min 00 sec,Algebra - Seeing Structure in Expressions (AI-A.SSE),Match Exponential Equation and Context
85,1605329,"11,756","27,645",42.50%,0 min 50 sec,Algebra - Seeing Structure in Expressions (AI-A.SSE),Match Exponential Equation and Context
86,1605341,"11,903","28,365",42%,1 min 03 sec,Algebra - Seeing Structure in Expressions (AI-A.SSE),Match Exponential Equation and Context
87,1605338,"11,473","27,593",41.60%,0 min 51 sec,Algebra - Seeing Structure in Expressions (AI-A.SSE),Match Exponential Equation and Context
88,1605278,"11,098","28,000",39.60%,0 min 59 sec,Algebra - Seeing Structure in Expressions (AI-A.SSE),Match Exponential Equation and Context
89,1605330,"10,518","27,032",38.90%,0 min 57 sec,Algebra - Seeing Structure in Expressions (AI-A.SSE),Match Exponential Equation and Context
90,1605334,"10,751","27,633",38.90%,1 min 01 sec,Algebra - Seeing Structure in Expressions (AI-A.SSE),Match Exponential Equation and Context
91,1605282,"10,304","27,524",37.40%,0 min 51 sec,Algebra - Seeing Structure in Expressions (AI-A.SSE),Match Exponential Equation and Context
92,1605306,"10,597","28,427",37.30%,0 min 50 sec,Algebra - Seeing Structure in Expressions (AI-A.SSE),Match Exponential Equation and Context
93,1605344,"10,028","27,242",36.80%,0 min 53 sec,Algebra - Seeing Structure in Expressions (AI-A.SSE),Match Exponential Equation and Context
94,1605298,"9,793","27,669",35.40%,0 min 59 sec,Algebra - Seeing Structure in Expressions (AI-A.SSE),Match Exponential Equation and Context
95,1605301,"9,734","27,505",35.40%,1 min 00 sec,Algebra - Seeing Structure in Expressions (AI-A.SSE),Match Exponential Equation and Context
96,1605348,"9,292","27,133",34.20%,0 min 59 sec,Algebra - Seeing Structure in Expressions (AI-A.SSE),Match Exponential Equation and Context
97,1605302,"9,308","28,491",32.70%,0 min 58 sec,Algebra - Seeing Structure in Expressions (AI-A.SSE),Match Exponential Equation and Context
98,1605290,"8,555","26,986",31.70%,0 min 59 sec,Algebra - Seeing Structure in Expressions (AI-A.SSE),Match Exponential Equation and Context
99,1605356,"7,119","26,982",26.40%,1 min 10 sec,Algebra - Seeing Structure in Expressions (AI-A.SSE),Match Exponential Equation and Context
100,1605292,"6,620","27,693",23.90%,1 min 04 sec,Algebra - Seeing Structure in Expressions (AI-A.SSE),Match Exponential Equation and Context